"E1","E2","E3","E4","E5","E6"
50.4856925349324,50.4705400062168,49.9259192834106,47.9931409865405,50.8396346710434,47.952383089408
51.6886572976914,48.8533605901492,50.4948991053553,50.8408061016028,49.915188803101,49.7390460240279
49.3691030082142,49.4694687016198,49.5252134176994,50.0654964074936,51.1103602682247,49.8976095512911
50.6455006262904,50.6106439349269,47.4751560303005,52.0937522408864,49.3421827099044,51.4267611089876
50.0027014453234,49.5429737951024,51.4698965902795,50.0559193414892,49.3687289603279,51.2736592276664
50.1911407526993,49.8885054591367,49.5060872522116,48.1664594662397,50.6046084623899,50.8409041552073
49.971090848621,49.2379324871359,50.4857778582788,49.9223733941221,51.0325656516506,NA
48.5580626716052,50.4331997689667,49.5363798024844,50.6532550909315,50.7852494177888,50.2077034154809
49.9728000794889,51.1816628122532,49.5219743590196,51.4703395367363,50.900162272429,50.0542724888054
49.414478353463,50.3062762621253,51.0863200211509,49.1216470016675,49.5314380106369,51.4415525584115
49.0870378200564,50.3633589033419,NA,50.5308727840436,49.0684223650898,51.7170049982695
51.0003843630066,49.999975473011,50.4381612584384,48.7447279782537,49.5235175665019,49.6945179025652
51.2098317314828,50.2261315316026,49.4334229774623,50.2855601420981,49.543624039364,49.7298884895292
NA,50.4448524414928,50.6986938843346,50.2914135064879,51.0184965065311,48.9882295283086
51.0944660486221,49.198389314152,50.1674958748761,49.7495564183846,52.0134700502831,49.8570431113077
49.5690850691221,51.3065473127681,49.9180675601747,49.5231524158897,49.3442371114323,48.744206488692
51.6859767737031,50.9211756978861,50.6450116969881,47.8847909808667,49.3819421371564,52.3884109703729
49.566427196365,49.4625469955112,48.8646775329867,50.0745324718542,52.7647911731879,50.3293278764105
49.8165955636023,49.9016457364564,50.1736448742864,49.249067229337,49.142821321553,50.2750487877711
49.0151840693278,50.1314139052866,50.5041914387187,50.4445825572075,51.2445972843407,49.6066278963582
49.4804753633989,49.1085279063363,49.9053017760206,49.5427145474193,49.3021024528178,49.3265340002371
49.3587911500871,50.1165142235902,49.5937211535565,49.9456640450137,49.6211801007239,50.5324689217845
49.2579589840954,50.1056948579404,50.8098781090156,48.9978471639211,49.2572549061411,48.6566423520687
49.2576498786351,50.6737132603012,50.8747212156659,51.2666076445164,49.6840223614503,50.1280616695059
51.2865933173945,51.283059017257,50.3088435739171,49.0868721029423,50.1751659739551,49.6726803802426
48.3437940295684,50.9772522894226,50.0378992155831,48.458039580754,49.9451789744517,48.6361059015488
48.9252494675199,51.033081959391,51.1782715328667,49.4214878505519,51.8589552922026,50.8574713721148
50.4377774008302,49.8866584649549,50.3981823511715,49.9095644414742,49.6451322999534,49.7265515203598
49.5967258305423,52.9105617346059,49.5538295306116,50.4373483366812,50.9294107798059,49.7349097117616
50.2162550735776,49.2710298402281,49.4345629046502,49.6304361756417,48.910666619813,49.8021415963253
49.618052806181,49.9524192286952,49.4957045556259,49.7556419334129,48.8748493740314,50.1482644618582
50.0731453682412,48.5134512738007,49.7430608305502,48.4380968929495,49.310998944568,50.5927793042004
49.4144155089519,50.4567140344204,50.0059133124903,50.1024933357349,48.5074849760995,50.5845278898701
50.4985105975319,51.8350281917844,49.9670077274165,49.0127725520112,49.9937114345459,50.4710050242981
NA,50.8275667186945,49.8637310097207,50.1404588638317,51.1615629125239,48.8439209972437
49.8348114610396,47.8883562073356,51.5310656344231,51.2405406513869,49.8610712121901,50.6337922749906
47.8358271831925,48.5309769709122,50.5944501065274,48.0146862982182,51.4890224306748,49.2036822957767
49.8741448343207,51.5271694305802,51.7535624852269,50.2588643024102,50.7026736766276,49.6677674334807
49.5689127307817,51.525862961978,48.4799990911412,50.2570537728178,49.5503029776265,50.350851522593
50.1684655085494,50.7004659864599,49.5291917665045,48.7872531640269,51.1479459282597,52.512587131505
50.6073109958962,48.3609262600033,50.0337798611873,50.6157227847397,50.277895805618,48.6396708499671
50.3139332642329,50.6028056665731,50.1378650854581,49.5766211476365,50.0407194096797,49.5240481507239
50.3689626221461,50.5552228082937,51.4742900967584,49.1538294968833,50.5572536273016,49.9790664051202
49.6607578289271,50.9238628137565,50.1675922158191,49.2671414312156,49.6646872600219,48.6858527224228
49.9992853112511,50.9483454194089,49.779377217231,49.9338872618499,51.6522315552244,49.3520206905292
50.860591791928,50.6249225271248,NA,49.4688503470381,50.1498279933475,48.7660025957352
48.9315237929111,49.438797717332,48.9328606894367,49.6258780293375,49.773192969103,49.6785063917841
49.8761031940719,50.5081896173827,50.0728116961955,50.4944476493627,50.0868204008296,51.340445332533
51.6833853647115,50.1939232364562,51.2603562541155,49.9263524209488,49.7878247444246,48.6697601167652
49.4177294478438,49.7878928556596,50.2196660165903,50.1606841090842,50.3155000263404,49.6201269553598
48.1035734281232,52.1577291157392,49.1875341544782,50.176067719225,50.2913427944127,50.9671547865874
49.4933498447268,50.1895338185912,48.9889078336645,49.6424152827419,50.6101249089974,49.9817029050373
48.3657914847156,49.533983452598,48.5562593617105,48.3706253170878,49.6338999493603,50.9126633365433
50.3499256989832,49.8228376497162,50.3930510728123,52.1197484868652,51.4505124158509,51.6231466263834
49.8719879810849,48.1807319470461,51.1905257079451,50.3176945734988,50.1760353589884,50.2369349777079
49.1705103926731,50.3565936279265,50.3110705358865,50.3824388943921,50.0516694654118,49.0380325704478
49.1179432106973,50.4496122584722,47.5779540496557,49.4387879836492,50.2618910414983,52.0202574196414
51.9342804606696,51.9277359779015,49.778015390207,49.6761118093356,50.6725648818937,49.8048590018301
NA,51.7800614951206,49.5753674779176,50.3759285346457,47.4272833421402,49.0475934061374
50.9233881167799,49.9020447853425,51.1816063430804,49.6888548611121,51.0700139088007,50.1044145471054
50.5756743635786,48.3665959245167,50.3421376973287,51.0819320888376,49.1656795283199,50.844337320772
50.215606368973,50.3490556627004,49.5089059967543,49.9612470824138,48.0128739399874,49.4431035080679
49.3928130796219,48.9952994306923,49.0299461477507,50.2746583605619,49.5117414336576,48.941857725328
52.4066604310599,49.2768579501259,NA,51.2030825077975,NA,49.8044068259071
50.1955404162245,48.8532681035101,48.6647062893988,51.415588632156,48.7832645065654,50.4174792399445
48.4471094219079,51.4678068058917,51.351705140317,50.6792408270175,48.7310739375807,48.4440092560547
50.2100299253355,50.0377213035443,50.4586255829537,49.6860125216243,49.2066514604786,50.3433337472301
50.4921068671119,51.042088488077,50.4943076293052,50.143633852398,49.156897259725,49.8143416552278
50.2640645751509,49.3393523308903,50.2561315322619,50.7923070634935,48.4300960670125,51.0477613901953
50.6613005085016,50.7553935337855,51.1138203381802,50.7785823795706,51.9040998067287,51.0528821444052
50.7100359082541,49.4038346883336,48.888853882174,49.7935698402268,50.3706279163741,50.2785897063768
50.1610934888977,50.3765772971968,50.3510179124458,49.066630200945,50.1295765884793,48.7766135923389
50.5245747775535,50.1985390285121,49.2470214950665,50.8604644032557,51.5754971487268,51.8395344022521
48.9162440822844,50.0761261448278,51.1089489858992,51.2239654473139,49.4721892217673,48.9787473739333
49.9230099305818,49.5582693830025,49.2829438211641,51.3831967383525,48.7282570167428,49.9218643929922
49.9166390066554,50.7777077022852,50.3891332140813,51.5000530299119,50.9102177754337,50.8071244583923
47.2942281785296,50.8916296052414,50.0424863452651,49.9960959912306,49.8232787111373,48.6554435854269
50.3609962593553,49.7332379009362,48.991709349299,50.294876024034,48.5433180666116,51.0363032453944
50.5195321676163,49.6511258533715,50.1125838927766,49.1291202472646,49.6760894143804,50.7728797102938
50.0976675221396,49.9734831865256,49.7195447040538,51.7799616165647,51.4063278092297,52.4901968375775
51.2875293244074,49.1295240382889,50.3293343336931,50.1762859407033,49.5170062277055,49.8210482997274
51.0639091347332,51.204959108793,50.5178377765382,48.9006842893039,49.3243179921108,49.6382982332055
50.7971771269689,50.1680558355149,48.8924745199505,48.9287722103199,49.1621948406607,50.0259086856589
48.9640754144248,49.631222965428,49.398644253726,49.0081800925455,49.2440609769042,49.6873118682173
48.6904428325938,48.6080341025924,49.3109662848436,50.4254036643651,49.4127014707915,51.2345652409496
50.1654871936567,51.3875052263887,48.8091158321398,48.4971772314031,49.8389076214018,50.9380971844666
50.7725196748034,50.784511861904,49.4726782161979,49.7850859016678,50.436245571219,50.271972307655
49.122974710599,49.9158878360257,48.9934808037582,50.6417178021389,47.9151063088094,50.8323328641698
48.2897777767019,49.5948386943023,49.1818282305101,50.8765807604654,49.1865473907878,51.9114741851949
49.863900199019,51.0721822253662,50.3192379273076,49.0505321525549,51.2565323051699,50.2913868161854
51.9729500546569,49.95692344057,50.8791677452339,49.5757322346054,49.7836364627778,48.7975091585872
51.5288467569738,49.9560305100464,48.8141812853471,51.0138702594809,52.0559124765231,48.8577055198836
50.0398599761768,49.7747242908319,49.4828592120044,50.970931362588,49.2684041958928,49.0582446653879
51.0665846829775,51.8424879979744,49.5349873554062,48.6076971916492,47.8650060975762,51.2755443163495
49.8260104231093,48.1877235013233,48.5525475258504,51.2719972688811,50.7787003918301,50.995060178445
51.0993912114318,50.1743800848717,50.6000852988099,50.4958425075352,49.3322751372587,48.9003754024207
48.0234798731701,51.172346963953,51.9252514313316,50.021126031697,49.6923342375405,50.5854898761893
51.1090724536531,50.4414488863688,49.1842986647253,47.3815112404102,50.1672010134695,47.6625738270292
NA,49.8288144236794,48.208555331588,50.3559609990437,48.4482233872366,50.555614104751
50.5443513642887,50.7082448077421,48.9693280631917,49.0213800560179,48.8331769982311,49.5586504971789
50.0526004713714,49.2066028120307,NA,51.2557221914718,51.1303396225079,49.7985407763067
49.0420453744373,47.4424511664961,51.5392122051458,48.1283201739606,50.7827871051217,51.024882438401
49.7339280331859,50.4430231977411,50.9454691658329,50.0217446084255,49.0578200962972,50.3910044590194
49.0746664288879,50.2507464166034,50.1770534143921,49.9500328978882,49.9475374358949,49.57419439532
48.97871874604,49.1048780994901,50.9808710776367,50.2825858873858,49.4297150705071,48.9194425387109
50.7815712367033,49.3226097897201,50.7455422591636,48.8667992699652,51.6467306531052,50.1270575962938
50.1648122664749,49.6636018437763,49.234789736166,50.2945624724406,50.6258689988352,51.0620896191921
51.4117804000396,48.7248479497603,50.4506114683728,51.6363406609287,48.8295695218274,48.9751281956994
49.3873672702356,49.6020426143427,50.6248637925766,49.479734525742,47.2968335050123,50.4104603513532
48.493011979409,51.3512683106562,49.4508452813971,48.7119448388655,50.6080450389161,48.1603035338956
49.0131003769768,49.8355961440096,49.3450145412718,50.9540710914028,50.2052413746574,49.3445635165347
50.6950156433942,50.2007917245056,47.7687235513163,50.8099939358379,50.5923997375339,49.2070583862272
49.7915215851525,50.8929939797721,50.7172887627586,51.1042804612927,50.7729875149446,51.4668384515971
50.4944636960753,49.3938945697405,50.3512752549321,51.5944560339842,51.900656768517,50.9512258037096
49.9460256042582,49.7273347160861,49.9275732972882,52.5872754086742,48.5112821277736,49.4695470236097
50.3823884442871,50.7129811636144,49.9731786956791,50.2581650248228,50.7323350023459,51.76531560271
49.7531286322114,50.4949613113855,49.0964456122476,48.5527788595938,49.2393996887423,49.0126261774821
49.9743044319155,50.9037172077195,49.9165766541012,50.5444505420663,50.4774992667737,48.6466620551634
48.8516149567528,49.2487879620669,49.4243475568655,50.2233748542414,48.9456724250725,51.0316566786064
51.2967719974372,52.6169881137103,50.8031990222356,51.0138113018603,50.5269209856159,49.776011942864
50.7886808723867,49.743041660233,49.5091630818861,49.6092906817877,49.8468486012016,48.6869939535838
51.0919442880052,50.3943714872235,49.2175505684363,50.9506214451652,49.0559726652884,52.4571696128887
49.5059744969542,49.1454462239344,50.1984963375484,49.3058082133609,50.0907522283262,51.0135011413005
47.5201058854586,50.1589153948679,51.0930678376703,50.7231640124499,50.3629045524484,50.1238064292308
48.576691895667,50.5954551695676,49.4209579149363,48.4092804399561,49.6465318917487,49.2209960284746
50.0522509956336,50.9422427957266,50.5111912359472,51.6104103259828,50.2923758367396,51.1987542598944
49.5934970317249,49.485491726994,48.9793449978983,50.38148382043,50.7159724254725,50.6875900310163
48.7935900484841,49.119063560277,49.695286951833,49.2462256588116,50.9309400120823,50.2803264651956
49.0146274363022,51.2001097439925,49.5355908894756,50.6920440618131,49.5423025029715,50.362225279373
49.9154168588921,51.5531038557352,50.2613340803061,50.4442667095297,50.6006777418141,48.4845627297863
50.6876458987295,51.0205484686838,48.1443889335871,49.5120007571084,50.6042333804512,48.9825603496589
50.8779772857683,51.0625320384045,50.0050741378794,49.8861140475648,50.127354907865,48.4785056488239
NA,50.4608526383267,50.2502092167981,51.6171992711756,50.785538221522,49.6532476818279
50.3529988433069,50.0399237015148,52.5828550591697,48.3266268151006,48.9103757204288,49.2615817413394
51.8727989688938,50.1629701361243,49.2963462517151,50.813702229379,49.1704773144811,52.0506453746295
50.6829894863222,NA,49.7558784985141,51.0792742951235,49.1233680420607,48.2172208786961
48.8145324036067,51.9080378116366,49.0756927037513,51.6312208867392,47.926349283888,50.0100683357727
49.8340262100952,48.7804392134625,49.551087569763,49.4688037863519,50.2456586782524,49.0805430273485
49.8594152930973,50.8724037036103,50.0271490246006,49.7505871616922,49.3794265030637,49.8883601157933
49.0634577360899,49.0991290467586,48.5492764443449,50.3915663989431,50.4781258075724,50.5541545229916
50.2166092863359,49.965837940141,51.8834092870006,48.8327208805948,50.5563334728932,49.9760099804487
49.0992019815615,51.21800512726,50.7406174489874,49.2612316986752,49.8915499652488,48.3598891835311
51.0740779635045,50.5713559847385,49.9421641543632,50.16869596541,48.5663653083251,49.2479547523209
48.2320616428939,51.0902960834603,49.4151123607803,49.7845355376928,50.3692534291501,51.812563165091
49.7825243436185,51.2454844739419,50.8870994444769,50.7726181529242,50.0305477974822,49.9505493768662
50.9790352581989,48.7111455306453,51.8128110739557,50.1312303457167,50.5344122786409,49.1137017783038
49.3723144774672,50.7034128499038,50.7036951754905,45.5371335863373,48.5814975022412,49.1117565038951
50.9302753255667,49.2543094006886,49.9137599203666,49.3681879299824,51.2652438064178,48.0912828276088
49.772318845624,49.596144649779,50.037709057279,50.524444816075,50.2958737678154,48.4086838020064
50.2722866347097,51.7101391518835,50.4171152686396,50.3190393282093,49.4127406963199,50.0369790253072
49.005356044423,49.0736310175148,52.0385817961462,51.3762949597992,51.2401670665934,49.669535159433
49.7667916612979,50.1466097262068,49.7107754012523,51.2604159351982,51.1991847002056,50.9100878803432
50.8073216515441,48.7367265274616,49.1532654199948,51.0257207989047,NA,49.0845531882956
50.5457006137663,49.3448388399285,50.0281526838281,49.6677320397331,48.951371278333,48.7444435874831
49.9555580843919,49.1473473855835,48.7367533283906,49.9463577478109,51.3792655515485,49.1705464780263
49.7299327451911,50.1233834790856,50.516826621171,49.5270636681842,49.2520403092661,50.2405021501876
49.1755385806714,50.8040682920698,48.0587482344292,50.414516759521,49.0402642403108,51.6113922537226
49.3008362092876,50.4366835568936,50.4328029604769,49.816694757321,51.0910688570411,50.1267620239155
49.7162263433484,50.0200326914711,49.7467024768496,50.5231240916582,49.6345000610538,49.9298820301256
49.7107317887007,48.8224303509176,50.475383923137,50.1564111953637,51.1997572113788,50.7038389219648
50.2380107886845,48.8287854172517,49.9981810236711,51.4562498157685,50.9189202301103,50.4669920965446
51.0697190973036,48.8848635705246,49.3746421867852,49.8844081182162,51.1460893887862,48.1136594753845
49.9047215072623,50.2526205819863,48.4007324695823,50.8977215684916,48.9187852216011,49.7333153128005
51.7421060951156,50.0438602706272,49.2821513274685,49.7599986584332,50.6071858211004,49.2223889491964
50.7271418464595,49.507230621681,50.3720145712518,51.6709652716904,51.6740718073711,49.1888247747602
48.8123283360363,51.294712978257,50.9152732184068,50.5583816703555,52.0300835551331,52.3238529803615
50.152198817551,52.9708076509205,49.3871732316257,51.2794046573131,48.7539094244482,49.5900002363461
50.4230073225637,49.290199359422,49.8520982308978,48.847526252738,51.025375343376,49.542277505484
50.1637034499062,49.4320602451662,50.7985390595324,49.513372286343,50.7789310235922,49.2507974193509
49.2519117272348,49.7365174587254,50.0820509047525,48.8714758038507,49.0334866595518,50.0834153377646
50.6557870737579,51.4924263446928,50.504414658513,50.6229031806955,50.5121801999846,49.9970272823061
49.3159419924999,51.2954147315504,50.8151724492163,50.2789566717422,50.1457937819649,50.9980061127925
49.6180116974959,49.164728964795,50.1430547456567,50.1533817642454,NA,50.1785956263533
49.3169371140261,50.1936526521589,48.1148701914732,50.5632499851002,50.4421368470012,50.5180348945368
48.4294971923939,51.3434639887808,48.9947096065263,50.5063537597875,49.544733850267,50.2319902018128
48.1147662704508,48.9198845502137,50.4711940489201,51.1073111914372,50.0874916312312,51.0515757679804
49.8660741805647,NA,50.3890979992524,50.8352686862828,49.8219368251521,52.7873722659223
50.8009241327081,50.9770447793136,48.8630780156692,50.5875516677969,50.4085622405808,50.837527147325
49.0795654009934,50.9076803335074,50.1622753597176,50.5358715820803,48.5694408076552,50.8153033101477
50.3160828367994,50.4325379791919,51.0024151143107,50.9172593021301,49.9699079747932,49.3317954872116
50.2434092930023,50.022178067927,49.8889611545483,50.4502737059935,49.6492003508824,49.073372513478
50.7442455210957,49.7247448426563,50.961673848641,51.3797162401796,49.5235920607469,51.7079159630601
51.4668021121702,49.3336322303423,50.6572131371256,48.9427685079112,50.0246128130327,50.5461463520504
50.1440430457441,51.3417553546194,50.8443850861803,49.9094956958873,NA,48.3702792618964
53.2151913236832,48.8682792844469,49.173909951075,49.1551994509025,50.1131809329029,51.3056305335482
47.6255592450635,50.6492118314333,50.4159207992358,50.8007372483268,49.5356698945279,50.3151288907988
49.7630607291916,50.3171209013762,NA,49.6240728879653,51.1629648509095,50.8348950536614
47.7463992144584,49.4148881402971,48.7021673732229,51.3135084864892,49.7338874247361,50.5585206438315
48.5332500398808,51.0631529030301,50.7919941889277,47.9335814715293,51.8243990278322,50.603350980406
49.3410913992529,51.9970949866286,49.3106564593459,50.7234765753191,50.390418849183,49.7182331225799
47.7838072893888,50.1188461769151,50.2125336299596,49.6400010604041,49.7826402726402,49.4158229337655
48.9358894865836,50.0572483201153,50.3395912963674,51.5322052640565,50.9677935265451,48.2139417131275
49.9626917581327,48.0645253019178,49.3936830807241,49.623000094101,50.4307199847623,50.264836865354
50.8187714678274,49.9426791708284,50.4240567672755,50.4659403341619,50.3239865916583,48.2400017258852
51.3012864961948,50.1314525967576,NA,50.9041664093585,49.0422093750764,48.0020613996682
50.3533077029535,50.8213100321033,48.727932152445,48.9607707510189,49.0046552362953,49.1169415595775
50.8771478613278,50.5816865023901,51.3703172546325,51.1976857790577,50.7248045997291,50.9201553101065
50.1329238023077,51.3249458787649,50.2192706917566,48.473238594676,47.5272666167249,50.4144227452939
47.3415043460961,50.1085159608865,48.4205934418122,50.7636230090955,52.1249344818743,50.7388587759722
50.3131791583155,49.6060924051167,50.4491850267347,51.5311348739229,50.0781557105707,50.3435675919188
48.5955575373903,51.4171632320939,49.6122808117916,49.8424124430585,50.5864363278611,51.3075594168048
49.7413716653317,52.1594296875476,49.3276408815111,49.5930304569341,49.7323153614606,49.7107928427102
49.6548838919919,49.4349162325408,49.4833905222573,50.6603594719371,51.4669399075344,48.0068456768581
49.289476549235,50.4838820045773,48.6137469420164,49.3708409574996,49.5817041095884,50.4031783768662
50.6121977448805,50.1837314834422,48.7692576639114,50.2939893860551,48.1543068177715,48.9170085286081
48.592203941231,49.4674930345008,48.62185385914,50.0073845327071,50.6392827402199,48.8714808260989
52.0081265687376,51.6509887434896,48.5556074752631,48.3454546134973,49.7651170002414,51.5167832311718
47.6722276088562,50.8646411818796,51.3310248514592,50.5341020790016,50.1529062286434,49.0359632855014
50.0317756022999,51.7383682859343,51.1601747474747,49.431819841264,49.5116122035037,48.6778005398559
48.928541164848,50.2578700977353,50.4635486960968,49.982181217693,49.6562251634107,48.9085281389806
50.0851113459127,51.5488828915012,51.2001629375038,50.4694704420293,51.2087213324941,51.5793908640894
49.5667187644315,NA,49.6768184681602,48.9194145298194,51.7851488964222,50.485458774208
50.3153339324043,48.7224685846952,49.9340031497487,49.9644304355375,50.5405946365724,NA
49.139732432409,50.5449943150873,48.9366537233982,50.442553893356,49.5346980428591,49.5908094603885
48.9308535425374,49.6008444111463,47.4783553207503,49.3188440940088,49.7073425726956,50.1762722440352
50.3312871470229,49.0392988460769,50.1732057113866,50.8236463854085,51.8860877011719,48.5253331831052
49.49860716787,50.667112241333,48.7704824462294,50.1738695438882,48.7297663893578,51.1073779749994
51.3347644355639,48.9750977327559,49.2719675380454,49.3310292259604,51.4628486691774,51.1111253300323
51.1964812632193,51.6507578169538,51.0892369003116,49.402849840677,NA,50.507401519996
52.1168522866241,49.9113896906427,50.1077048496758,47.8439005217795,49.2062453315434,50.6940773537501
49.0460773931119,48.3646916948028,51.5985148383453,50.2470425724478,49.7733863612115,50.4741532167546
NA,49.1931596313866,49.6620340409956,51.5228340276003,50.222509540764,49.2385982138478
50.148323859618,50.3748741166573,50.1202972108582,49.8230399941927,49.4783939269341,50.561867635768
50.8825486773776,50.6526031915858,49.8820018779273,48.9491157078995,49.444608194612,50.2641859871745
50.9529683922848,50.4023980246839,49.5407222212278,48.8882473092293,49.6234412682438,50.6740140594054
50.4241602531101,51.2942195062119,47.5863735695568,50.7869129901423,48.0133790959692,49.071534358728
49.6817325767286,NA,47.0724166006881,52.3798916144398,NA,49.3947348922216
50.9244917157137,49.852351236559,50.0398624863534,49.8494492571266,51.17057348516,50.6001789046798
48.7623551308147,51.1335155872984,48.9734424509475,50.9932253534509,52.0399246370993,48.8686189929943
50.9556562273917,49.8592846240902,NA,50.8531244764306,49.3417383924069,50.2620458286542
49.7729099982627,47.9895763468612,48.6984529409945,50.1144915879915,49.7269952949733,49.3532289419352
NA,48.7969552971115,49.612735847814,49.5528927704306,49.93960242889,50.3990856740205
49.3466088874517,50.3791574724163,48.4160910225668,49.9269086957451,49.3625540733998,48.8236607898309
49.1335329817087,47.6797049795342,50.3840909175499,48.2090295507559,51.3824364201201,49.7893347356594
49.8084121976778,50.0184496054686,49.2549399763663,49.3311417416844,50.1875303298166,47.8097161690184
48.7598178250447,48.1679367157712,49.7388302216101,49.149474364582,50.6031526415351,51.2096664375257
49.620623737654,48.7559507414482,50.1716784767505,48.8582300796453,49.46370299095,49.9110272819855
50.2358434937954,49.0920693820195,50.5393317856607,51.5356509949227,49.9997598169792,50.2286996287582
49.6985355245287,50.0827695872424,49.4445677964307,48.6021647811237,50.861900244457,49.6155159439922
50.2878027939149,51.3451347721579,48.4833278038127,49.4914808629803,48.9772584579506,50.4503153844236
49.258747426369,50.9526784133829,51.0274502328195,49.7890557192612,NA,49.5170089583511
50.7423658911498,50.0336691037904,50.846768231126,50.2155070571211,48.2717268334512,49.8653358350042
49.2984145293457,49.1712968246516,49.724496063406,48.2822896015282,49.9765396718923,51.4473186961435
50.6495722320704,50.7022407484224,51.2560073174314,50.1528445905027,51.1713298766004,48.6470889479167
50.595465118907,49.4229109253928,49.576186632252,50.3711412138934,NA,49.0866583687655
48.4636350132167,50.8956893951546,48.8206248006612,49.2394015985223,47.8569449194921,48.3136907203439
48.568369847506,48.7972014863968,49.246465986698,49.2943121016678,49.6411305238774,52.0662399435977
50.8784690746999,49.9824768738258,50.7990063175254,51.1547297950852,49.8891995498306,50.3062714861759
51.3522062336771,48.8596387608945,50.8453500814008,49.2615073856272,48.6382272948149,48.8611508276213
48.8260970310831,50.2999202558805,48.9608477941887,49.7969375411258,50.0760020113676,48.9177383340617
50.2876831521541,50.5032456788372,50.1579355107542,51.2075458638051,50.6110490487818,49.4247599461215
50.1891831694719,48.2342868220267,49.4514258887577,50.8765123441736,49.1360209645049,49.1589728172711
48.857189349782,50.3790281882926,50.0118785859517,49.5706212741454,50.1820593045917,49.9803770797552
50.2617366543157,50.6985188046801,49.3196741909853,49.8939851614449,48.9246281514958,49.5866578754151
48.9757453536842,51.1360090544218,51.0833517259251,49.8625515460084,49.2713121260766,49.7502874544478
52.2682982861172,51.6575267620772,48.8201350790273,50.775606150968,50.7391934493608,49.7923024507058
51.0530063782024,50.705653670901,50.7175946816233,48.693755038323,49.7924287297844,50.2523883345112
49.6930030704979,48.8099240935836,50.7121713707658,49.0882512754369,51.3119069565491,50.3406938437117
50.1443846182898,50.4051005461308,51.2481657902623,51.429632988196,51.6203424620059,50.9511180686345
49.2528109540998,51.1823828531602,49.6690474596648,50.1454002186174,49.8042900959274,51.208857083469
50.2404100938211,51.061204185606,53.0422957875147,49.495185913,49.3381430480567,48.6327080374508
49.7845017649003,51.6754942505811,49.0423043265368,49.642342705265,47.991634828571,49.4276385537823
49.9411991414813,49.5462462860768,49.7820029844859,50.7473958522978,51.3653700920143,49.119678186819
50.4975243883507,49.2336565523411,48.5125957090547,49.5848093287998,50.8183615988752,50.1543796117626
49.2815269043686,49.350234242501,52.5966102683804,50.680360635502,52.7623848052078,49.2821379494528
49.8242200984192,50.3207859972018,50.9061333906854,50.3534467987073,49.8698854375888,48.8122883876677
48.7606677690687,48.6065470891668,50.7002263149745,49.0308005110992,50.9690301019311,50.9129125091415
50.3323496420731,49.6440200631255,51.432300233576,50.3039865032528,49.8157647497502,49.4221299670385
49.0507766592723,52.3107609299148,49.9753228857034,48.7215266852318,50.3949078801731,48.8718918416362
NA,49.2184933067673,50.0741871664656,49.6952055833862,50.6189598962039,50.7939711175944
49.8230488923243,47.7421960141866,49.1808824518467,50.9867687418982,49.6503029698469,50.4325372785383
50.0683186226755,50.238704010041,50.3549323966138,50.811299672952,49.7891600301283,51.3207201974289
NA,48.4884037964657,50.6979363553153,49.6057044320776,52.3006881808636,50.6417325504819
51.1803592748045,48.9627208468482,51.1387051008141,48.7822925837186,49.8029543658947,NA
51.8866369974637,50.5220807968377,49.5315583278949,49.6142216175696,50.2746251034817,51.0766615977614
50.0830553624514,50.7471677714399,49.5351537814506,51.934594329863,50.9653495657761,50.5579683685033
49.5613823789819,50.2522976176805,51.1470496294884,50.3481661876679,50.0646099265174,48.992983893807
49.1792437260496,48.3348985478853,51.1662140466538,51.471614134617,49.3731113110817,50.1597475092914
49.57145264744,50.9500545125172,49.9720116747743,49.7279991163832,49.2099094624694,50.6905400881894
49.6081847170186,49.511000090429,52.0620959969602,48.6239301545836,50.4396040569587,50.8108091749806
48.81114098249,50.514048814671,50.5369234911498,50.7921080780358,50.227005820234,49.6894818492191
50.3850122722102,49.4959009541298,49.3628484374963,49.7877855945009,49.3441546389058,48.6851580004308
49.3946269968203,50.0187299811054,49.7489023299799,NA,49.3849813820666,49.7406118304607
50.1660313468925,50.4821854220194,50.1848353537482,51.8411166671112,50.859453519145,51.8331381708842
50.5147319742926,50.2805928812525,51.4498694123617,52.0490341238031,50.9041081577192,48.1761845266033
50.2926164969413,50.58554369539,51.1649396120556,49.8789699115842,50.6083156157942,49.8233420710435
49.946196050048,49.900174948071,48.7953318639381,49.0419578651547,48.5227243103132,51.0575707480323
51.1914002252257,50.6001004645612,49.3354128520658,51.1567922033487,49.7420030769947,50.5484044016449
49.544802849068,50.2794885728144,50.3626359294298,48.6832589487005,51.0822354064183,50.5878140306783
50.754084170678,NA,50.5349734744954,50.2926632919419,50.546847284437,49.482930815978
NA,48.2354906059118,49.8578672163515,49.5211912952497,49.2201278186758,51.1649719081692
49.6260209755677,48.8100329865723,49.1067297786284,50.0590245328414,49.1225705779887,50.1823618278701
50.1324693041297,49.948455240094,51.5855024277635,NA,48.5829767548436,51.8578145886941
48.5311244266135,50.0576191228357,50.7610259012369,49.3292036458324,50.2493146154607,48.9452632515593
48.5773862636536,49.4402324876018,51.6178629123555,49.9119037531156,50.5856637283117,50.4210248205296
49.3626957048561,49.1190745749784,48.5946611306664,50.4613102099362,49.5332819538858,50.9156422510915
47.6623153563954,50.2231621786622,49.8372142884756,51.6969457807333,48.4722581953522,48.4760481026946
48.47468096042,48.967560080591,51.1550926152183,49.0684163768627,50.1814304332127,48.5883419440034
NA,51.4120060129254,50.536665576959,49.4015916970772,51.0037409385697,50.4315097389599
49.3198199403256,49.2550867812517,50.9402831345512,50.6581831359443,50.4049926425978,50.8737606814898
51.2816607055649,50.4594177889756,49.8753790473604,49.2345336135983,51.1798273804391,51.2511177107594
50.8701682476948,48.1314183327573,48.9093904181358,50.8549504495647,48.6672418305534,49.1805096617228
48.8724673917366,50.274040191448,51.0911646896355,48.4389147483643,51.4222835369623,49.3369045126141
50.4593992448804,51.5535358477239,51.0088260463385,49.6218588249139,48.7002718414822,50.8501196597081
49.7837738830124,50.545387654156,49.7998017793394,50.1762328459576,49.7224729357191,50.9699157414597
49.7018055367766,50.1256102793372,49.1989170165757,50.35907909667,50.03959027912,49.021390741803
49.2038056397233,51.0521266463669,48.4054546331327,51.1231580014724,49.7523706846599,49.3098575866112
48.705158457542,50.0344785320665,49.9333668191646,48.4354673426421,49.7188538788765,46.2503373119713
50.815874314626,50.7355350493411,51.3603114741168,49.0116645797462,49.5591478366112,48.8784990897173
50.6100450317098,49.7585655164039,49.8525582316545,47.9644845238126,51.779070097102,51.0633362405239
48.9881772180835,50.8281675542947,50.6848658963316,51.5454560123178,50.6918693103013,50.308480213052
49.6875747114863,48.5473897365782,50.5552933505983,48.765040498189,51.9602673574317,51.2646943570817
50.5443786111433,50.5621219786965,50.5549177566881,51.2618232504152,50.2672957937532,52.0407607533722
49.0740424169343,49.0723219726876,50.6644070154065,50.2458232073598,50.7464425096301,50.0010263590385
50.3946628681628,48.4758241617992,50.971265039766,50.1789651426245,49.1871382503053,51.5435763158732
49.8879450707762,51.9937647869167,51.6446780848183,49.441625963228,49.5794239204932,51.0589293963642
49.1305046297247,48.2490639718045,51.19430237773,51.0395144193167,49.5933248419799,48.7147577448343
48.5194600335717,50.7517061113143,48.8485290065369,49.9236660575056,48.74543299168,50.5492372238294
50.2340270668032,48.786294914879,50.7130095993004,50.0541985799053,49.9445939268959,50.7066341405777
50.1467607850518,50.4814482768108,51.6275368458553,50.3587980685381,49.8703554153302,49.5927926053984
51.0133371340794,51.5099349962777,50.1105561460935,49.6283109307447,51.0807029905538,50.086161005708
NA,50.7886164279276,50.0287089215876,50.6285137460761,48.6655295961039,50.7543370750148
48.9040190100026,50.578755700705,50.4694398130964,49.6370405150483,51.5400924768465,NA
48.5821300743764,48.7259826102561,49.0631535883413,50.5057164853402,50.1998220881725,49.8483033285262
50.8145258952441,51.3815391209701,48.8242496839992,49.6220694914283,47.9169921414438,52.8497150440576
50.4848807258881,50.2813357386912,50.1725306317393,48.6349299592953,48.3663213164396,50.6511754514972
50.9596073814254,49.0107336191328,48.4287649625385,50.1377599628637,49.0254623367928,49.8450284309104
50.2206117182063,50.2789660247416,50.9713798446826,48.8729843769225,50.2896964479912,50.867137282984
51.7055793637888,49.5780134259705,50.496300568401,NA,50.3760962718207,49.754917021308
49.9817604790237,48.7900909763354,49.2622264300827,50.401446780593,50.6215445637316,51.0028360622504
49.9794973158446,49.0345114827346,50.5250466516603,50.6825184117757,49.2346312088384,52.1406986491968
49.8529928821785,49.7918639219703,49.8863668401757,50.6102865862848,50.0002686520933,49.239740641743
50.6628337273594,49.8308199421995,48.3432816763195,50.7648474638136,49.4542624639847,48.5036770655048
50.6728080185746,50.4853982925456,51.5387041566038,51.0484854868919,48.7416307981402,51.0207780219467
50.6513732620579,50.777266795242,50.2545683320857,50.8748193463804,49.9479633337393,48.4293116054305
50.5188781214911,50.6514755142175,51.307227336853,50.9472507185048,49.697086583441,50.2077096256329
50.2203593903358,49.291612234536,51.198032916251,50.622902855904,51.627075275948,47.6970140702243
51.4670487655824,49.1230528744871,52.7443269478549,48.8469516522732,49.9730693991525,48.45526888133
49.3129921422024,50.3727702570451,51.3414317023049,49.1250129313085,48.9313389371646,49.3649511443299
50.90248890506,51.4190263555185,49.0267281310705,50.5632308505827,48.7729969729075,51.1243873091273
50.1383022875648,49.5583455345893,47.7488042037326,50.118703350054,50.3288531435931,50.88528783982
49.9064819244891,48.4284479990928,49.4004747819139,48.4936042918128,48.2820671031797,50.0605736610829
49.4279212552001,52.7930284782489,49.5986935376646,49.06227177207,49.3920858243295,49.5936630011062
52.1019392971366,50.6352251385735,50.3147054665845,49.9611563472114,49.6068086457106,51.3404854729322
49.0408296137001,49.3350639331306,49.7008389655423,52.2967690342698,49.5627044020336,50.0353338802875
48.7238043795772,50.3250424426167,49.3872835439518,NA,48.4997257126632,50.4865817596952
50.3903931801327,49.1906719829725,49.9200159476072,50.4439723964456,50.0834019654305,50.4034379023016
50.017138338005,50.3350943986055,48.4890635761731,49.120325313851,47.9930118683706,48.9831297050394
50.9644411875804,51.3902373246745,50.2198761150672,47.4392563951767,48.7747560096909,51.2908170098912
50.8483178967385,49.4579233536013,50.4035077246483,51.7899798547479,51.2691029576215,49.4762736184619
48.109444591823,50.1878123347374,50.8248589746494,NA,51.6887219488205,50.6442968977169
49.581367527613,48.9218904840914,50.3661834004321,47.9071938358755,NA,49.3512242631338
NA,48.9307619312386,49.2689159151172,50.7662495907611,NA,50.0992869248408
49.2937653895074,53.4252638747317,51.38265879428,50.3568481318658,50.1043013706877,51.8531447577467
52.6242264929217,51.4025728698837,49.3618511654201,50.5717389364162,50.1093233181327,50.7877816380174
50.2070319281781,49.1169838212579,52.2328398351357,50.5798418665166,50.0030014367886,49.6360035096115
48.9188171956332,48.9822342791426,50.1533612457807,50.6088600179952,48.9376487791948,50.8111513509864
51.2728782725487,49.624937820171,50.5340063746023,50.464071753712,50.1317301176427,49.8190359048959
49.1985933717735,50.2858641091927,47.3010252229162,49.7701972091829,51.1201566179197,50.3894301489239
51.7937993903741,50.8850281944066,49.7846595567083,48.2252040946651,50.5684020119996,51.8613648649712
50.6437345464184,50.9025006618611,47.5134202153981,49.658606090893,50.2662656227846,49.6708314749586
49.80676504186,51.0741036775858,NA,50.9151159204699,51.7258837439942,49.0276585948528
49.6358944867305,48.4667342441496,51.7486004166834,50.7327108146558,50.4047231988163,50.9750965247124
50.7425701671237,48.282940858641,49.7926533430457,49.626102948638,49.0536270566377,50.4421050204363
48.3513375790138,50.9494595173799,50.1174421138074,50.1524404194455,52.2349509981069,48.0653742495726
50.1400455629427,50.0232366726588,50.573106761464,50.001331367242,48.7183017328841,49.196947973207
48.7486125280653,49.6851446242185,51.1449600931556,52.1977088013524,50.5752860651133,50.9012905948926
49.6152623761878,51.956573275038,50.7148239485274,48.1105780051293,50.2197133653841,49.8143634026795
50.4482857887207,49.2662284793765,48.5130231245069,49.0859143906232,49.2549479690968,48.8914612658231
49.6429227009025,50.6233504863363,NA,50.6417651533514,50.7127831196804,48.1396260754707
50.7906624152843,48.6291808078995,49.6773148694337,NA,50.3977342420328,50.200174754745
48.6157606546926,49.2454717377561,49.9575780811839,51.5885621061317,47.5300423929027,49.4630368848032
49.9153516204344,49.2443826438876,48.6466976808062,49.2340443519051,50.5819378830332,49.7462475345752
48.3951292494697,49.2597805109927,47.713929373673,50.5165819926135,50.7950268252724,49.0710940892065
49.0656029940941,49.4771642956037,50.8837910059876,49.3857043498928,47.8805143303511,49.214191977332
50.8153328205301,51.2936870375488,50.1316493115101,51.0098345089187,48.8789652517845,NA
50.0529729678883,52.241029851117,50.5622727203193,49.1599047042708,49.1000954523069,NA
48.4095757210521,49.5189712639877,48.2823621904581,51.253436618733,50.2813944161974,49.1234872660185
51.1238878653528,50.4916246116341,50.7441532057033,50.9451663929156,51.3034808277,50.3252508008714
50.6578329259551,49.9488959939663,49.466992239178,NA,50.1293176857479,51.1028330736589
49.9433175866252,49.912035764767,50.6134765259809,50.0988837291771,49.7268254137413,49.883318493988
48.3835029486467,50.5488615608877,49.5239786914048,49.4701532613914,49.8957821666329,48.5584822155165
51.3991569666604,49.1329351073134,50.2574094038877,52.020436620451,50.4652524598069,49.0514066950723
49.8847790994159,48.1475670359088,49.4664425820998,49.7765843303564,49.6318788660735,49.7241029133737
49.0249706650122,49.7662742080816,49.6326306945045,48.9276185442696,49.9165464006185,49.7459159377438
49.9371258791113,49.7153626152101,48.5396747077724,50.0942571566194,50.8664212142707,NA
50.4303167139143,48.4653348935778,50.2014405724588,52.5645858489883,52.0620704010457,50.2956194282467
51.7638118819683,49.9453945536841,49.1442978284404,50.6743568880986,51.6474757490568,48.745565168417
48.6996601810553,50.3466546436498,49.9550004764691,50.5204868550278,50.5958127827663,50.8550385562083
50.6582363001918,49.9849374722762,50.8845971093266,51.3187335294409,50.6924208922413,50.4876793380786
49.8594629287211,49.4035694580153,NA,50.4168669167651,50.531887654669,49.953830030035
50.9864730100401,49.746160610865,47.9934190367515,48.2833976024828,49.0837413381114,49.2543204314302
48.8824742134403,51.9691563274168,49.224461778898,48.1458557335937,48.1274482029905,49.3658426507654
49.9418868733117,51.5046272394664,48.9375406119339,49.0443161576778,51.5114569364989,50.3759916724526
49.9400410113216,51.1643540547829,50.0571443486901,48.4390989676117,49.827488888542,49.7709856240103
52.701000228604,51.3806718867605,51.7960701653605,49.3857461836277,50.2018844990933,51.6132234052411
49.4682099792804,50.3067990128429,49.6647876020965,49.9460391986524,50.0014621551326,48.6799426698555
50.0721309859473,48.9456981090454,50.0387603148216,51.6172361078215,49.9026703335164,50.9678408864924
48.9791305805902,49.8055882313007,53.0394103744628,NA,48.2876005480199,52.6921785539646
50.0578216695682,49.3849668816289,49.6755598383419,49.2600903177905,50.558908662672,50.8978974329566
49.219867277204,50.3853822666765,49.3715721762965,50.6121697109052,50.9189451135924,48.2877331173306
48.7211245030853,51.5187537541804,50.3673462084621,48.6162785743323,52.1092763047571,49.2060091660025
48.6347262613361,51.2911061329419,51.9480956785043,48.8418367028181,50.5987596295099,50.7785753257216
50.3420643775097,49.0180227754306,49.0628166447417,49.5496286786716,49.8069579229389,51.6247339861442
50.1969458664384,49.7574311749315,49.7167805830558,50.40085633097,50.816889409935,48.1474120076427
49.7729291946514,50.2332123003516,49.2944360494661,50.0249558536057,50.0097044657054,51.2775379963068
49.6425970244283,52.2775416873648,49.3644744511747,49.3651056089538,50.8400757298834,49.5220676101658
50.1017395640033,48.9061357925548,48.8609257035837,49.0275046223763,48.146673696266,48.6393490297927
51.1062205721484,50.9257377583108,49.7331146076027,50.3178891603295,49.12772109761,51.1778534080677
48.9877395623732,49.2073759724432,51.0105190769308,51.0001102441087,49.8172574655954,49.9237637503215
50.9907127728464,48.8319848425098,48.8559192460717,49.4972033981917,51.0574250774602,50.5382374944487
51.2213017289205,49.2624470612396,49.3954880829303,49.731222357284,49.1851347660525,49.9119968680678
51.5728063855139,48.419769518969,51.6438524953258,48.2881106150261,48.4505605512045,49.5192376769987
49.0750124654258,49.5422327428146,49.9923355479673,52.2798956829428,51.4601047846023,51.3483580410096
50.3510601677515,49.7116672537821,50.8908672628688,49.4842749626928,49.6404520374743,50.4151595938374
49.9252637080967,49.0154374310893,52.1778105381253,49.6696851471479,49.9748886420478,49.7560376751704
50.5990658977862,48.5155872399846,51.5076668447525,49.519799382039,49.7490204749917,50.036814384372
50.1705856320016,50.1542943396139,49.3959636179188,49.717771958278,49.3995748637229,50.2703973057999
49.324511314566,50.2734685804166,50.5529814036185,49.2970717266045,50.1684001426581,49.5239244554721
NA,NA,50.481087999165,50.4587230363322,49.7906663545303,49.3486489493341
50.7083227703052,49.7552805379807,49.8709080712105,49.1552413961292,50.0407506064757,50.9792999188807
49.533123159609,52.3190173460719,50.7675599756883,49.8839211872325,50.6300048480428,48.238407117868
48.9110135233497,51.1526359127574,48.6197119022351,49.8509505707676,50.5968960830937,50.5958905439816
49.830669555169,48.3951850591295,49.4577318773402,50.505447828753,49.9401006116397,48.1192268968557
50.4554911897423,51.4840745049999,47.9871270474113,49.1812264296865,51.5779509577256,50.5576844948317
48.2553046404551,50.5219181811332,49.5181692770336,NA,NA,50.4285863590429
49.3302532068521,49.3475721955604,NA,48.7047509662607,50.9134796950147,49.4468283743465
48.0067855537934,50.3876874799226,48.6184004320419,51.1583174646718,50.3213815170225,49.9262624907283
49.975938733008,49.6615516072757,49.4169589727907,50.6354043462434,48.9202023093232,49.4702586433619
49.8339126176495,51.0867057708562,48.8455347195345,NA,48.69980985947,50.9786164929025
50.2404772707098,50.359117656224,50.6075403090807,50.4356716596616,50.2298280397545,50.0725517308348
50.4845656332176,48.3645639474161,NA,51.0248583864304,50.9803512990536,51.2441760808672
48.5963182105806,48.8350166967741,48.7279700039992,49.7704149797678,50.485214174192,49.9122063347956
51.0404136615849,49.694361883455,49.1638270981898,50.2413543326882,49.4604707242293,49.2389398809801
51.2132540777697,50.055620848126,49.7474617563245,49.9618985878273,50.2924103094012,49.0640310760688
51.3174923075774,50.2442779945822,50.9095068900665,49.1160895809553,50.8820176642944,49.4159661960476
48.727443899519,49.5223048770145,49.7028914282802,49.6097910594412,NA,48.9019196532326
51.9192145997932,50.6885521068134,50.8875909893459,48.1458898705772,50.4156865336149,48.213865220014
51.6140801057777,51.0638116834037,51.6027548654341,48.5345338216068,50.4481334150754,49.1574394342257
48.6363511618765,48.6672562049225,50.464216659858,49.527309277682,49.845018524381,48.8292413768911
50.9491117988962,48.3202810929668,50.5510683927384,50.1441251138848,50.6207038583904,50.3132661229639
50.5545352069262,50.4795584312523,47.9649998909142,50.9298901401122,52.0165862463799,47.5495565537091
49.3448655180863,49.9855601251122,49.7686489503106,50.4626709340614,50.1678895810788,49.8818351568432
49.910050634656,50.8612620033084,51.3017304730554,49.6618077406914,48.4718128287831,50.7861818493487
49.1013652853956,51.1319513808198,49.9661254181492,50.458971651264,50.0745577111794,51.8473376416343
50.5955619716436,51.3948806994474,50.1523640285703,53.2992707732687,52.682500238315,52.1566732793336
49.1956473046543,49.3444786496941,48.8373296886645,47.961883341185,51.0014255372076,49.3457861194365
50.0852737955328,50.3629622114843,50.8152535105208,50.5492485574094,49.774262763823,50.5283930650602
49.7163362128156,50.4327404644026,50.3213633726993,49.1446606545979,49.6707749261145,50.2124095502008
48.8462654792611,49.5886633558308,50.4769505656256,NA,49.1814259137883,48.2542528971496
50.9985037636156,49.7022589925096,50.2293768062387,49.2995912140691,49.8150050400472,49.14424961534
50.3339130597046,50.4832549860137,49.9551122667924,49.8893782948083,50.5496520550838,49.5352083166339
50.7116235380164,50.983888175433,48.926158519825,49.7615801565755,NA,48.8627223355745
50.3306017534294,50.7919887026726,49.977150804093,51.0085353534113,50.2351009546373,50.6598863697378
48.3706088502947,50.6180539090342,49.7417268685219,49.9259423876297,49.467394856466,48.6066570148932
50.7363082210615,51.1093761915748,49.0155318470646,50.4506010117357,50.5345502929709,49.0633500331583
51.5670730119434,48.5021794175807,49.088383519692,49.5076766871622,49.3346859189551,50.5549094006153
50.9987179474725,50.4724609776246,48.9826438470417,50.0848976855993,49.4636789962396,48.2976190501212
50.6571858406113,50.1742045001153,49.7759916549668,49.1252512215301,51.6975008973317,49.2745522610925
50.9243875808264,49.5047170874944,50.1656401660378,48.3017623227038,50.6322565696265,49.9822251711773
49.1720301325387,50.1215213291282,48.3576374251983,48.8191508117272,48.802250965205,49.3545178537625
50.2397588313745,49.1628447768724,51.5566076300408,49.2645968924953,48.2462483398439,48.340222256548
50.4099657207679,49.2072510562868,50.1592589492743,50.8561789419199,50.2607814237355,49.3905190482268
50.8352871828305,49.4685124004374,48.6348683336522,50.6054253163864,51.2019454428496,50.1973348217059
49.287023249505,51.4232280056407,49.5126777177928,50.252441517772,49.9047223078322,50.4687629077216
49.4570865101886,49.9861450083124,51.4840994199367,49.658740465011,50.9126233459614,49.3068489204895
50.2353324689195,50.0101170393652,51.2885721040781,50.4761804642954,48.8573179669635,50.2284920574668
50.1354428272352,50.1118142259754,51.4286036165078,49.2781518359328,49.2090556754197,52.0649256013902
49.7739752605352,52.2488524924837,47.7416109622013,49.4434929429047,50.6091993235245,50.6421881939062
48.7086221908684,50.5379760523955,50.0353964778012,50.9182672480535,51.5345931985249,49.7539667667878
49.8829969218886,48.3724138693171,49.5568505505564,49.7200205075771,52.1019871202008,49.8326613265769
50.3158684359034,49.0872562836647,51.2271436908135,49.1287965790873,49.2845053876622,50.1262243989182
50.0520662758796,51.1348141012928,51.4511062104597,50.5582524113119,50.2668817923491,50.2082675195383
50.4304967721,47.9652701274533,48.562414318086,50.183846658196,51.0854411630005,50.4325000570148
50.2014143170368,50.4846145711575,51.1966364469363,48.3072374798886,49.4813281551578,49.9386806369988
51.2133036922216,50.0089859703463,49.2638666865501,48.7772594989137,49.9608720422236,49.8243583644925
48.8785184454302,51.2521065358777,50.6572890245335,50.657141775143,47.8867877731848,48.5022188393508
50.0551952825453,48.7699500621834,49.5642762960937,50.5052705219898,50.6951727070588,49.8024382930479
49.8527851683805,50.2385301164304,48.373229026237,49.6696202355575,50.0097843670063,49.4055702804271
50.6256882476991,48.6142205472337,50.9215557621172,50.3147399473091,50.2122295200493,51.2468185671013
50.7214792396018,50.907796028865,48.8722837582473,49.8070703614699,48.6186878160612,50.5614667997565
48.9557059093131,51.0117711838117,51.4647629731498,49.0321228444842,48.7830670874067,50.3411002718835
51.4858312465603,49.2379907330787,50.3787735724853,50.1598490513256,49.728671661691,50.389254654933
51.4998858208753,48.3834621354575,49.7039247901328,48.2391709398089,49.834261383794,51.6351766311635
49.1278632661437,50.2760244314084,50.8887080658881,48.9030894185396,51.637221835975,50.2397346303997
48.7463505527756,50.0621270543274,49.1605585011909,49.3623782771296,51.9450203770139,49.7378062165559
49.1606387452552,49.8597926476768,49.008827698033,50.4066913229659,51.5376133640491,50.0776864263996
48.1392670422901,49.8720880572851,50.9082238013378,51.0104715706835,48.8957390128404,50.0915321729486
48.3916376790067,51.1580240274652,50.1522835240154,NA,48.8286651086346,48.9505217592688
51.3193571581024,50.3357924209713,51.4061167083142,50.1977927645412,49.1894358286826,49.2599017813648
49.5994256817705,49.9891329827742,49.8262531265224,50.4961290371803,49.8181082520178,49.4969777700509
50.1298651165092,50.4882812982154,49.4118902277781,50.5895243887462,48.1699704411332,49.2463986232711
49.2332626400379,51.3501607266734,49.4547465552794,51.0890100059141,51.9352240594911,50.015651433059
49.7561391222519,48.6046779063606,50.300859642414,50.5997340685043,51.6835999045616,49.6667432321158
50.3685619391542,50.4089195810818,48.715975654955,NA,50.4192253960608,52.0018487129206
48.9147027614843,51.4772478074201,49.5633517361671,50.1625619974072,49.0862534786998,50.8344988545195
50.6207843637353,49.9813801229724,49.9473502776959,49.9635606855048,50.3281615136169,51.5489985861479
49.4932225196126,50.0866576947028,50.7274537404364,48.823368689547,49.2555753014965,50.8606910258468
50.8485192979496,49.8078581878679,50.0937695232822,49.3961310845836,49.2580509365031,48.2823086644956
48.1201180377455,48.9720865533233,50.5990323795218,50.7830953858062,51.4673765702301,50.3834142228685
48.6578457861791,NA,49.9492332925688,49.3125616498877,49.8522492992543,48.4725521874541
49.3561442181173,50.1372354841337,51.4237305849326,48.608068395838,49.642956635981,49.4487436418235
50.7158527302127,50.8730837960633,50.424197478117,52.1198279052465,50.1780942810538,49.6080354326609
47.9676837450225,50.5262406847359,48.0760905770386,50.4759207313045,48.3084968077897,50.591000361705
50.8022680694615,51.1241510060294,50.1407982554809,49.8744294182951,50.4619664307173,49.9660150512321
51.8136695617242,50.4035280658008,50.4053456508457,50.3150167011391,50.6689084534323,50.1570354455064
50.0648483187079,49.2514701272721,48.5342110960445,49.5769623020415,50.1736811471311,NA
49.546713420458,50.3383447803097,51.0995113072707,48.8709673530694,51.4748051822847,49.7176274483978
50.2871212192247,47.9262374483192,49.2929313464585,49.3616827874592,50.1963186742699,52.2581584196131
50.9271265076233,48.5444084131612,50.8805925808213,49.4246111974639,50.3993443161644,51.57858514308
50.4864301259635,49.7411169106378,NA,51.503615482172,48.0558393779953,51.7796437554335
49.6758840562789,50.3714850033483,50.1828969859456,48.5830812397529,47.3015395438447,49.1375853777151
49.5465466570923,49.2205522172992,49.4430625655803,50.3326395197281,50.5701803891786,49.2230776284203
49.2544327177426,50.9319873583797,50.830782791435,50.5037844909982,50.7239046254102,51.999955610125
50.4356646360273,48.6965850790259,51.2033669164029,50.0039048291969,49.3238014648212,51.9630100938992
48.962371094494,48.961549456237,49.9557027734175,47.8823310888779,NA,50.0449767015693
49.4665667302403,47.7775575083909,50.9985251428144,49.1075128240111,50.2997201306655,51.1885463208213
49.6085241351242,50.4099389369316,49.5188941863696,49.7956015132787,49.521859969931,50.4160989110538
50.7466751406499,48.0625725170199,49.8130820959232,49.6466825838852,49.5773785710378,50.0865885204577
50.1823626707144,50.3607296409504,48.4626776298224,51.347344002685,51.9839800595457,48.6194208590668
49.5278023534508,49.34768042128,49.6610878783252,49.8901580545372,50.9624881643048,50.5206583995356
51.1750250093415,51.5569784768035,49.8521632761822,50.3057161211681,51.7455593851511,52.6510820809085
50.0076378626173,49.4766185283128,48.853077317175,48.5298259208549,50.1239838511308,49.5053525791181
49.0858037687961,51.3923291418176,50.9585939301295,49.9935417195456,49.6660551002563,49.9036257638023
48.8195486765654,48.9642822002128,49.1603972672044,49.9829227680448,51.2560428439826,48.6427850400268
48.5022108266774,49.9922428811369,50.7656098776733,48.5409547354115,51.1542954167373,50.55199227992
48.6787179305849,50.6197932852911,50.0159193220783,49.4550466332311,50.1911536300157,50.5147404797595
52.279905725288,50.660825493777,50.187477044219,49.7430065711159,50.6907925277833,49.6169882891851
49.193594164746,50.1363346095331,49.8317297592015,48.5028742390218,50.5613714905995,50.2342067294921
50.5908799898249,49.4694383187489,51.2216989386656,49.6926799740566,50.3218532549345,47.9592668828538
49.5427918520732,50.4518021325743,51.507492868862,50.0938096611569,50.6684655270438,49.9731815806361
51.0381184592708,50.4489515809931,48.5680438310448,48.9955095501053,49.5445187002401,52.1709145296679
48.7489346159815,51.4118022183389,49.487027348448,48.8138998625898,49.6634578467104,48.3874791545942
48.7581803495541,48.3162195202248,49.7021087902087,49.0974801576951,50.2632414293839,47.431625899746
50.1202265820192,50.115232662691,50.1466795094917,48.4464576475743,49.4378938834049,50.2244243096095
49.7427659177639,49.6987201306334,49.7664833383176,51.5986277332904,50.1396477410337,49.0396793966879
51.0236206380047,50.6170269354231,51.6764163965678,47.6339522569158,50.8098261657233,50.283012089463
50.3661414144748,49.2781012333431,50.2753181559483,49.5584583045639,50.2633725764122,49.9147132952172
51.1242168733661,50.412055794182,49.2564756474628,51.0628925513506,50.0141571922005,50.2143480593523
49.8233440638529,49.3953517841312,50.0692464456894,50.4750534657708,50.081009370127,50.5893104697122
49.9096463096058,49.5408886796387,49.5497634557351,48.4278286521761,48.8406825854321,50.3246126829735
49.5923084200094,48.3827286908131,50.3346828610902,48.0594604799558,51.6213407564323,49.9364242404145
47.5587807386269,49.0284736472492,50.0053011187994,50.2921732268541,49.237257985252,50.037209370055
49.8571202308939,49.3111909773781,49.322453022182,48.7651582049629,49.686969971723,49.3759624400317
51.1538176348395,49.6119254163437,49.5387641417245,49.8770217188814,51.866642206806,47.1977055633498
49.9875103326965,50.1111044641972,51.7665539620534,50.1721953951789,50.3139973197094,48.9921581737364
50.0382348999309,48.9649053200706,51.9887102426976,49.1564113704599,NA,49.9120326615679
52.0655464561265,51.1288102213873,50.1574005977208,52.3012898881127,49.9459159112765,49.0467118641611
47.4987763363402,49.0829826652396,50.3180181026881,49.1968642137087,50.3201991446044,50.1451825298128
48.8074751695805,50.0207116821748,49.7127609348948,49.8116522359946,49.7753032942119,50.4405176183273
50.715424013459,48.5829405079209,47.8633169245885,50.4140683289474,49.4813368211757,49.8836078886267
50.5640993075142,49.3809924092809,49.4924842444142,48.5891337108876,49.5760441465265,50.5903410071819
49.5012864736335,49.1393762293825,50.6633642710785,50.6098025093607,51.7274960235371,49.9309548885666
50.2944506858333,49.7716469210482,49.2720508160601,49.8972913475225,48.9403043083902,51.6582588568363
51.1665143684855,50.3522705016903,50.9863803019074,49.6578170487012,49.5569932877249,49.3637197732996
49.4515698835232,50.1426034882785,49.7303736751401,50.5015589201115,50.1620030583638,49.4459259021961
50.0696422624095,49.4058641041537,50.5156588207867,52.9393519675145,49.2001002707204,49.3599587956446
49.5529528280238,48.9880001272238,50.6445479872708,48.5794798668249,49.1989395300746,50.5037268888644
50.964539868942,48.9604778445177,50.854646165172,49.5944737193158,47.2500111714177,50.747840538224
49.8827888674083,50.3248113511987,48.4367046233731,50.2678555178147,48.6591711626598,49.9050065951365
49.2980394665318,49.8771693906993,50.1411004759028,50.4860986896344,50.2697146554162,50.6751515119116
51.8303421599098,51.8464561832751,49.6876054197652,50.7852903405187,50.0478841715969,49.9428602794189
49.4176600807244,49.4849453293644,49.3170149112571,50.008674545176,50.7212539135488,49.869536804207
49.2372621213168,49.9793377942017,48.2868903813981,50.7607452851337,49.8948684364338,50.9305541198866
49.216923089333,48.6642339654329,48.5246160431621,49.9910418257514,49.930953884238,48.7966128404831
50.2310326379916,50.7165708063551,50.2896973870093,49.3288600417164,50.2602307727213,49.8270303487328
48.7399355656215,50.6345369260215,49.7668127902042,49.8069965744099,49.5579659988315,50.7697704350832
50.3429894805536,48.9943946736027,50.7533607268701,51.2430881771105,48.7324676373667,51.6647919363906
50.0065450365849,50.086856950614,49.7169213185704,49.4657940262124,48.594652888413,52.1537418158642
51.5690012941149,50.1243814763472,48.2732088256218,49.8029267900353,49.7451419775342,51.8391074002569
50.4785124974017,49.1546610238524,50.3887000180484,50.5292535944688,49.9907603141142,49.7445096144175
49.0686128777085,50.1808247556378,50.0860281575848,49.9796099891576,50.9999126331963,50.9445469460572
50.2732522928304,48.3846467913767,52.5020055716462,50.6622517143008,NA,50.4189055952856
50.9948113913295,51.894038473056,50.4092301437695,51.0544079870461,48.8361738998475,50.3470400638026
51.8574140453484,50.1037693063086,50.3510129060926,49.7708040643696,50.3573002034577,49.9558678679125
50.4119881990315,48.2308205226598,48.9733519971169,49.3009917671135,49.4527908314271,49.8694876562866
48.8029160855492,50.0494811138514,49.2235947453409,50.789099850478,48.9780520428519,49.2737577588878
49.7071510824715,50.0776319759543,50.3820418321042,47.9557128953841,49.6332718844356,50.0271526510001
49.5734745646247,49.2154669103728,51.1834967507925,50.312151665592,50.0276462651783,52.1313865982917
48.6651431737517,51.0892302724282,49.8325037263286,49.9407573623472,50.3879261656685,50.093477801714
50.6048131143084,49.4370934854736,49.8049605266702,47.750810151442,50.2058425859668,49.4614440306168
50.2701766685831,49.1195594100401,49.7411194296156,49.4722930208305,51.6435196794449,49.2661283994195
50.4724343675205,51.4064038655232,50.2327683533374,48.4890963586445,51.2351618010168,48.6500509514362
49.3430342950328,49.2406615545531,51.3282740671034,48.0639371121326,48.4571660912657,50.1078835947734
50.0748268321474,49.3987000374481,51.0543894844557,48.648317760547,49.7431147777331,51.1370116893946
50.7498727498941,51.0769643140801,50.523029340201,51.11906389606,50.4571144754242,51.4145794242747
49.1316520432167,49.7093887023821,51.2077685828626,48.8446418726808,49.8513896947149,50.0785670534607
49.7860734815558,50.042285482721,51.466570094334,50.4078011076689,50.4338939960879,50.0102989741639
48.8715956741474,49.9894083977775,50.6188875275097,49.1334701901588,50.69233691002,50.0300632575239
51.2454239940852,48.5547533080074,48.6821200884794,49.2310821127156,50.9467777381387,51.5664653079059
51.3108240773542,50.5070138900402,51.1484441890517,49.7313639377439,50.6398486693813,50.7030128357145
49.7742124222338,50.2598889296965,48.9705917886537,50.429599427654,50.5653406920862,49.2954676124594
47.9387953659057,49.9491810357272,49.3938321402234,50.5286468280968,50.4151686019463,50.0304126632415
49.2341689584504,49.8503491672904,49.9677712168533,49.2998594935307,50.7939055057427,49.2246963730246
52.6854558083547,48.8183703033417,48.342245636213,49.6060145858441,51.0787462443755,48.1142002085962
49.9662389525226,49.2285579748129,48.8400844379536,NA,49.8804734803285,50.6351690303645
51.5720577353904,52.0232305718821,48.8653988595356,50.2437239769477,49.6201434798537,49.9835406835532
48.864205104528,50.6826658894635,51.0268807904615,52.3214975023866,49.1292071507291,50.3450425693436
49.4611840204123,50.6906071218742,50.2464194245032,50.2765694856248,50.9895322245512,49.6378069408744
NA,47.9086632007154,NA,49.2098771957317,49.6074172435386,49.513598893661
50.0814303801582,51.274470391826,49.5439120692479,49.7559201062351,50.6282525870941,50.8620064443679
51.5463704208708,49.9054430584049,50.4191739739153,NA,49.3316577032632,50.8980958995102
50.5482063874684,48.0450826804121,51.4271877048891,49.5829670383302,49.5361066793056,50.003930079574
49.6581057631204,50.2336309566988,48.7238120673818,49.7080976451252,52.3885333693022,49.5094184442295
49.4245573543141,50.3049776397168,52.3209915177678,49.8042153799105,51.8906642134148,49.1017365584713
50.3863206749232,50.9973514314083,49.1227671724256,49.7616458302639,50.4122677234124,49.1451945810247
50.1716265113016,48.2773507930231,49.8524571530929,49.7995044176477,50.0744950555464,49.7762122352469
50.5836279392445,49.1490327893489,49.3905101412752,51.6775358695072,49.0068836199253,48.1090661253187
50.0728769374111,49.4529521397263,48.9589545582578,50.3123921027881,48.0586913930141,49.2219948805538
48.7398950007659,51.3895690474134,49.9581161558028,51.6366808757219,50.7704710203715,51.2496192706935
50.3636709883299,50.906017353819,51.3888970707348,51.0416310368983,49.1948492383279,50.4017373682149
50.1974446507207,50.7482447200255,51.7798854419643,51.451856337644,50.8645126296409,50.4881934333286
50.5473992252496,49.7221784486054,49.8700423460909,52.4387901142453,50.0193718292434,48.8788983745161
49.2941411772263,48.3147777145071,48.9435030021804,49.6742190469665,50.7740836918247,49.8211731307793
49.7878129003854,51.2658843393976,48.1102721300713,50.9800528669194,50.9590598696293,47.7318489188525
50.878083456097,49.5264069301368,48.1882496842711,NA,49.1052374718455,51.2071207613983
49.5858991965015,49.6065931895674,49.107403706119,48.6023041621915,49.3190775305548,50.7014879757462
49.951289311739,49.0037214919599,48.5620696940201,50.688975886513,50.1608905999844,49.8097539839542
51.1633362166825,50.7876619517603,51.13628007725,50.3464685302685,50.6469718099584,50.0153324918222
49.2260894620704,49.0015942075501,48.6304723468319,52.2124305656281,48.8804757163751,50.0657320062164
48.4313376470023,49.830871806051,50.3690523086966,49.842306624913,49.9056292796974,49.2956841027199
49.5988093666181,49.6487258968573,48.7831704108749,49.9769534888381,49.0445149282641,50.7084522538705
50.9391165590187,49.0049117982341,50.247655844084,49.3952072240781,48.6042779807628,50.6808113388839
49.2848730279332,52.584273790536,51.2462280661191,47.6323727901506,50.9169309158154,NA
49.7163389806101,49.0295991365127,49.3845507390639,50.6174292162186,49.7203449006836,52.3146081147092
50.8767678718867,49.6299827547962,50.7666953604781,49.0070706752507,51.550895292066,NA
50.5656926147856,51.056784682493,48.6577107719918,50.5930571982391,49.2964071167942,50.7009659968237
50.3727534589341,50.1710805798207,51.1911130583482,48.646231695367,49.9410959328435,49.6559581089186
48.8895860642442,51.5221451458697,47.7117211202826,48.5135091836284,50.5029828108816,49.8322037136879
NA,49.9308266446359,51.5882640936433,47.9559381885573,51.024759862103,50.1547992967799
48.2188423019483,50.4565223901679,49.5289192357039,50.850216489912,49.6634424711832,48.8738056742726
50.2350763683711,50.0407324501912,49.9686352356517,50.6738253059501,51.1180248480282,50.2425070777106
51.2135097348363,50.641259306586,49.7515670013608,48.1923500030188,49.6793923879121,50.3225234771817
50.4974081399546,49.5990769363147,50.5403512522301,50.066940807656,51.2367993445217,50.5735226406362
49.7035768380996,49.300103276533,49.7113993803669,50.2763524316583,50.1842123021893,50.1027343015368
50.0379405982548,48.970902813193,49.2067315159217,50.4183385221446,50.6696431608418,49.374656743874
50.5289560161342,49.1779413442474,48.8359833122172,48.4702774105677,50.6561031099654,51.0676815697813
49.8289910790873,48.4874987436501,48.3961503676025,51.2610774773499,48.7198440174419,50.1597339751594
48.3196353968441,49.3267473657941,49.4220888036046,NA,51.6582469192885,48.2069080879906
48.9481456194358,48.4313251450231,50.9872540819941,46.8342831853972,50.7304716469641,51.9208852286072
51.2775027211007,49.3768558147911,49.2291822229846,50.1724242044232,50.7910739812845,51.1924718134786
50.4426178856169,50.7979524226222,50.4904841773879,51.031605853678,48.8277854423307,51.935809171635
51.8403222181222,51.5012485147983,49.026294169954,49.0686629218192,49.1682378336889,47.7165163692359
52.6560150462494,49.5515661562965,50.4476346276297,49.2590386114176,49.7284090418602,50.7973539882408
49.3212165577734,48.3128945930866,49.2788314941775,50.2354056247808,49.1243739079173,51.0704645409295
49.8273170398887,50.4679437045094,51.5320942229422,48.9020360320152,50.7300320481836,50.9728996746443
49.3491706873439,49.1645054147273,51.1855009409115,51.0749434145286,50.1913895990181,48.6190157754379
50.0319784695751,50.8172479561798,48.5436334981658,50.4248822463493,49.6041502583677,46.8805677869788
49.7055317340509,50.8591213211708,51.1323683697403,51.2416648674862,49.0877263170917,51.5164271969322
49.0061744131865,50.5132493360095,49.3844730506638,51.5362818265923,48.9185924091936,49.7214799693828
49.3667849875324,NA,49.675247101057,50.0374190754531,49.8304731640413,50.9181970603375
50.0103112143125,51.5652621264751,52.8716972192378,51.9933535762217,49.0071150825621,49.3811964952281
50.1066689444709,49.5579000579114,50.2656710545929,49.5990520252748,49.4159108816606,49.0167606844959
49.6174382264426,50.7549104967987,48.4432926646832,49.6127461830507,47.2384998810918,49.2819702444752
NA,49.6988504865307,48.5104878053275,48.8324567770284,50.4134138370197,48.2109412719416
49.5959571733317,51.4714311129436,48.8420758503698,50.4519037752694,47.9616607510755,49.6297308694958
48.7525029607939,49.5011672741309,51.4109154903149,49.3453531005734,50.3761649746124,49.3185783955111
49.936691621864,49.1203682992858,49.6817525196418,50.9125634348612,NA,51.6866286909343
50.6261132157203,48.1851175004384,48.5835871947833,48.5595628379029,49.7435468309845,50.219584989268
50.4885602323916,52.1632526073697,50.0772507782511,49.4150443982212,51.2516115647697,49.6230878107642
50.9856572534446,49.9221699793404,49.6371075303489,49.1881299372562,49.5277245750347,48.6073384726254
49.2337076784155,NA,50.5770643236547,48.7901111697354,NA,50.0181457491616
49.6403330967975,48.0407975978848,50.5653569514702,47.2379235739483,48.151972875653,51.0409796930379
49.8302568359646,49.3442555983756,50.3377307379357,51.6484434553358,50.2586617471615,51.3698263714639
49.6515166861919,48.5538003769292,50.4654091494414,50.0252288902409,48.1710279813445,48.5277582835238
48.3667946224445,48.6571567457635,49.5736939802434,50.0756216137368,50.0149496258045,49.7307781115055
50.6754053215933,50.4768338161256,49.9270970536463,50.9667384241691,48.51428266818,48.6549035315293
49.1950375295687,49.8648718026771,50.7999070194653,50.8389528818812,49.1973038122296,49.2330297006911
49.6977436931362,50.9172864599326,52.0076799420819,49.6627572577416,48.9525064092086,49.8219576276184
50.6300212956468,49.834248988901,49.1095867407934,51.5762700350456,50.7071689469438,49.8976674616894
49.7200345971337,50.8121273878585,49.8987619966236,50.3771189933569,49.0843084614653,50.6176684244366
50.8018145132961,49.9117298098069,50.88101977839,48.8709867048243,49.5459287686619,49.1481401951647
50.8710712202643,50.8297903303257,50.9348821145942,50.0508415553877,48.790586325581,49.9391355464692
50.1569550913445,49.3589270063125,50.3665732433943,50.4968170059487,48.8885035294784,49.9111099640864
49.569925783173,48.8831775920687,50.2497057138977,47.7546324998352,50.838420884097,48.8095022250869
48.3934329477065,50.6077861100142,48.0885513165594,48.019977284021,47.7715487972488,50.5124103819223
50.5731131147458,50.2983322785257,49.7924432587979,48.1165996005996,49.560907500331,49.8216385231811
49.7358292271964,50.1384056726979,50.7376942884065,51.7168476304746,49.2673574102356,48.5718353365799
49.5514971584222,51.5962911757142,50.966044773417,50.0776674782596,NA,48.368555557609
48.6802839206598,49.5623271937218,49.9326593143954,49.1455044526752,50.2761796303574,50.0477555332689
50.2003993296188,49.9370674018298,49.1263386020253,49.6904485693145,50.6221926733109,48.65038479607
49.5701650532803,50.4770843755492,49.9384164151802,49.5367040831984,50.4759606173796,51.4426195395911
49.082970346439,49.1155035820092,50.3691287626934,49.3744873865957,47.4974521754487,49.5798085652044
50.1290111505464,50.0951639021479,48.8158809506803,49.5461178068276,49.2346651770578,50.3320610579357
50.0091294920307,50.3641783822405,49.5675418704536,51.0198730618887,50.2271893384629,50.1764782476158
49.9492332717006,49.8200523879113,50.3944443306023,50.932815584103,49.6745051248676,50.4731810382933
49.8488492096961,50.2532184939183,48.5731087117429,50.7769009989699,49.4281167127772,50.0943474819263
51.5604183361308,50.953178394097,50.6359533726498,49.572930734888,48.8801319480366,48.8815791714788
NA,50.3352959389487,NA,50.2503092050462,51.0586686699089,51.0648473454597
50.2543525831886,50.2035941205646,48.0506367494889,49.8992880948229,50.2806951711509,50.0242562781849
49.6518732375791,49.076901756267,49.8883368593743,49.4227190633392,50.1803210511722,49.3573356396791
NA,49.3139659232949,49.31252000624,51.3733604080859,50.5367434486446,51.4751489935265
48.4893824653433,48.4453555810237,49.8323383279553,51.5454072817908,50.1174711839064,51.4165972936478
49.4976362066526,49.1866536660738,49.4380298734851,50.1463304808823,51.3113297849124,50.6571707700198
49.1554136515912,49.308356843901,48.8643625964824,48.7079295738806,47.5149605683839,49.5262458404686
48.5511285081844,49.4362309236621,NA,50.1762740450069,50.7288546341469,52.1329520809673
48.8919660082287,49.3444055464619,50.6414835081452,48.953552788303,50.576369082074,48.64086461086
49.6652720406346,47.5733558051603,48.591436311651,NA,50.2325486052687,49.6736538762218
49.3511303446763,48.5223574180631,50.6539705168722,49.5552410454196,51.8176629318249,51.4370830179172
50.7815064088257,49.8920784889032,48.2880097157758,49.8976942226006,49.6589314942925,50.1442635006625
48.1676715232112,49.8724161397217,49.4584810165738,49.9193745461751,NA,50.3190961643663
50.1903688460071,51.3347033834643,49.8831960942056,51.073624101107,49.9005851132002,48.9443208927251
49.4310227760691,49.5961810921418,49.4238538572224,47.5772626559404,49.9020850505943,48.8325983727317
48.9790308374365,50.8102874146195,49.6296093707794,49.6829183492847,49.1973142556813,51.5945750119474
NA,49.675109068073,49.5819370926695,51.7119649321164,50.909026645936,51.021813525738
47.3575666941402,49.4962748599623,51.61030844476,NA,48.523803402377,50.9604167712585
51.766548538072,50.396588271993,NA,49.5864898242585,49.9213589022144,49.7842677774082
50.0016813653463,50.7246042242926,51.8970579742152,51.1601058308455,49.3004688980107,49.8640011672224
49.3239159280679,50.7102101404934,51.5207391067556,49.8569971882049,48.9065566016015,49.9752033721307
51.4933123983425,50.0197282154188,47.6733777666428,50.8570900552315,51.3358909847036,48.025271416716
50.1039064698464,48.3410982143154,50.6199756883331,50.7474598707461,49.9440354205959,50.5426581322907
50.9454459963651,51.62541476961,51.3195379564308,49.7937101122345,50.8865290410692,50.1348845451089
50.0999883777294,49.9540041346846,51.3535627350018,48.8775081088032,50.4896712508455,48.1682865189175
50.7490081269239,NA,50.7516062895535,49.1093226417439,50.4890880885201,51.3257305887996
50.868661102553,48.3803046959332,48.66627706902,51.1740765306213,51.9130537213857,50.4896392730173
50.7899847191862,50.0390501189752,50.7603161079264,48.5167993748837,49.6212538479376,52.6621768999581
50.8190423357966,50.8835744683513,51.4360822218955,51.9324589299909,51.0229253158917,50.9358409208648
50.6615563145144,48.2212086873212,48.3523800682941,49.9138968245195,49.2599886157675,47.2607651410258
50.5804606116025,51.2763488995116,48.9548794998636,50.6379237301485,49.2186199914435,50.4702176041782
49.9406738445636,49.7064231115739,49.9993307779056,50.3427338012777,49.4213507030854,50.5779858434464
50.6471453131028,NA,49.8896283226362,50.3588109450086,48.856130863904,48.8465199629
51.2428237355811,49.744039230021,49.4546232142641,49.0925995532974,49.9888093560942,50.3250627032233
49.3214411074785,51.1858273853586,50.846188522213,49.7563990773745,50.0393511885633,50.2424594553139
49.785799900154,51.7327866611747,50.9597559297357,50.0209881640831,50.5013747341247,49.9348324867721
49.2958455899657,49.8961958154465,49.7316723684744,51.2524499833292,NA,51.339205526539
50.1710055288979,51.1231581057623,49.344495337489,50.8263053924288,49.0899923153563,49.8869075629138
50.1276142667685,50.9475452254885,50.1076150649136,49.4124475919115,48.7721480289908,49.5276924746279
50.1407123045035,50.0358904746508,50.4677307846026,51.6715376676304,49.0320247367955,50.5506467974017
48.6935028839437,51.7320724286036,51.1380183032334,47.8261363741306,51.1745314293216,50.748433615559
48.4269313241747,51.3089041056057,50.1295721137866,48.7737809869265,50.4918009964234,50.8910193286792
49.7311801214006,51.1641281405321,50.8314055105596,48.0344719011819,50.169045739727,48.1829337523772
48.8907083393179,50.0171956889595,48.8539540687449,49.554440280974,50.388868962566,50.7571234751886
51.7377965986799,49.4959989637282,50.2806652539727,51.3958800427395,51.1602044099907,50.5223134028806
49.8003701943206,51.7930384188296,51.1948621830302,49.2225200463081,50.7894840073963,49.2496908867019
50.844799919214,51.2327991199574,51.1967202260213,NA,49.2247747543011,51.0232829400184
49.2022774687552,49.6657976176635,50.6914879851803,49.5204595025986,50.7502770324345,49.0467835526853
51.3472257918178,50.3819946224826,50.7669159888341,50.9970582869858,49.8424428869586,48.1085309351237
NA,48.9955789469714,NA,49.5068220390542,51.9275518119031,50.5740723737776
51.495773872925,50.7853418782854,49.5535837382936,50.5947472760506,51.5462447345269,49.6263817653849
48.8741858075688,51.339200165123,50.5143516906185,50.221953652168,50.2348314850534,49.8961944373156
49.100893359247,49.7470028547867,48.4749917191645,49.5140333557689,50.1406254007138,49.9099713572075
49.911836615524,49.2717748955728,49.4187387128114,49.4245966438445,49.3086364221548,50.051119902149
49.3923768432784,48.5917890778186,49.086312026135,51.2868229875564,50.6887673604247,51.5880703136011
50.2051454805028,49.9334115812285,51.0473847717664,50.0621277416655,50.2660593119812,49.8644231555879
50.8942375576429,50.1479227366584,50.2347845134173,49.7115492312936,48.5458463508382,49.6380708590131
51.4250288407806,50.5086059542206,49.2632945193695,49.6511084758809,49.5691169232534,50.0138889390861
51.3293275161279,50.1506438313312,NA,49.1313872682079,51.2169091376828,50.5976028263014
47.6142018618332,50.2264678395864,49.2531716069153,50.2036387307786,49.2330912718712,49.4462336844008
51.259756959469,50.7451608845353,49.5283230947152,49.3040813640191,51.1581763328126,50.7769223970548
50.2674210082927,NA,NA,48.4276614916762,49.7805770451733,52.6525728175071
48.6296897021445,47.9278783730752,49.3753386431508,50.857169105523,51.1109402345339,50.9630296759631
49.5758462554629,48.4974064173065,50.9256243109414,48.4470294028543,50.3196439120953,49.7617911785701
49.8920766608027,48.9630222353415,50.1675513150187,50.2743072635622,50.809730912337,48.7213908997859
49.8892483264686,48.2548197289857,49.3993549683165,50.4286727341709,50.1462373948442,52.6475105346218
50.1135912957337,51.7551821978819,50.4815440302064,48.4394708164713,49.3435931530493,49.8409988863848
50.5201972374775,49.1487324687317,50.4493876613097,49.7838250944736,50.537579346349,51.3705934359851
52.1057828549335,49.5776091709796,49.5620526469068,49.4711334132007,49.9637713670914,53.1727399485327
50.9897975374976,50.4233602173614,50.5253293394908,46.9076751788496,49.1490639314449,52.2318298199965
48.7314426905639,50.9178046307459,48.8785673210189,49.8712639506005,51.7971061041915,49.7156826545479
51.2405066202123,48.81032086219,50.8466873478622,49.0273192113389,51.3788326868168,51.7059021323062
50.5738803540328,49.1926975540823,50.6484440110916,48.4194826222452,49.247734537582,51.5538282783995
48.3411323598047,48.8375494228577,48.3949769936343,51.4144572623546,50.3864824724047,49.5701843465329
52.1709565810304,50.8948798102575,49.8519262514244,49.9416929632122,49.0426196955032,51.3459173229936
50.1199314627602,50.9353278078816,50.9575801967055,49.3205080718043,50.2194619303714,48.8131655822028
50.44365474528,48.6824806403046,50.8137622841711,51.2177471646516,50.3872763228666,49.6132500343655
49.0193358378912,50.2656684292272,49.2652241192645,49.2679068605513,49.4654583251434,50.7109304278783
NA,49.949986272574,49.0209619904316,49.2478987114739,49.4519084681707,52.4576282054336
49.9866366381993,49.5632853813942,50.5648670859907,50.6921580607137,49.9099963202991,48.4325304759891
50.2917331997067,50.4810690250413,49.5910431297851,51.3638554312622,50.1137116513846,51.0537237179401
48.6140093982149,50.2331017420967,50.3801851954639,49.3943560403964,49.4042982242788,49.1722674618881
48.091337909596,49.6176171463812,52.5495141605543,49.493376745702,51.2136260465824,51.2812850892499
50.3148376417288,50.5606045262236,50.8098971802666,50.8404194721582,50.2662557746777,51.935047771125
50.4539713812684,50.8784643774764,49.629170587608,48.3510392534371,50.7559520281384,50.5925865297674
48.1777124305028,50.1225452612066,48.1252215570819,49.7576597048034,50.0837073856098,50.2000283019754
49.3145464330006,49.9418641419321,48.5433646488593,NA,NA,50.1761082472851
50.0435000007933,48.9422345058376,50.5642549793714,51.81042300892,50.5027482111271,48.4644682447
NA,49.9175632375317,50.8415643341641,49.5668148431355,49.2135634318854,49.760601321799
48.0938559311336,50.9695922573941,49.4785789152033,51.1991183610157,48.9468542639458,NA
49.5014117099173,49.0949560578165,50.5739617102842,50.2722536366406,49.2393808527516,48.9254528376077
48.3874624727933,49.8866745030238,49.5487210633159,48.681448043646,49.6857636625879,50.8787112128474
50.1163151670202,49.8060838363937,49.4510607392269,50.529083161164,49.5966970743963,49.5769342055642
48.384523657301,48.9981906988461,50.8568044422434,50.1803682314314,49.9451298273632,50.4695588640282
49.9032029792566,49.958654718601,49.8327897133598,48.6412420265448,48.9315790564261,49.3178548514944
48.4548828684645,48.3735462641409,49.329633565512,49.3107342521393,49.4768550739552,50.3356771660686
49.2167629754513,50.2591819912827,49.7282066498622,49.728476841133,49.5576167345954,50.2141807377245
49.416512413197,48.4208068792093,48.5764263394603,50.2567116480356,50.9328525850912,51.4342410222159
49.8932752715037,50.0922119699426,50.7461763899877,50.6004434062954,50.0353438208708,47.9411288089541
49.7420373987382,49.9499870421926,52.2225740489222,50.6229122668688,50.0682725717767,50.830963374146
49.6457587245474,49.2954592106303,50.4981540549153,50.7558532948156,49.1653807949592,50.5297799007934
49.1797242586529,49.8813338804676,50.330075803328,50.3482448254338,51.2372810874484,48.2169230651449
47.6551696990665,47.3591876163168,50.4909162224524,49.3858993873934,48.8396690552003,51.4415513821899
48.4391761060912,50.4291886834914,48.3189832538502,50.505432608882,50.2353069374112,49.8752794762095
50.6233480723929,50.6346499555475,49.9080467689901,49.3118974961646,49.8577614212852,49.3046130827735
51.5441664430661,48.5953459091069,51.7856342392619,50.227338924071,50.2245641676046,49.4141564801895
51.2651055468292,48.88007594789,48.5000369856835,51.5979718603954,50.65152903312,47.664044337116
48.8080828313744,49.7408265579505,51.7427446947931,50.6039932689857,50.0084294157011,49.5966711425511
51.0263245650313,49.4722313664355,50.3560097934362,50.3788373131591,48.2574722338536,50.7364839848422
49.7302750367749,49.5983711919848,48.9527405008322,50.7371367103664,49.3467920673371,48.0708092227204
48.2841747369582,51.581280098642,50.9224217007851,49.24733840571,50.6844901025611,49.7559793687995
49.5202338492898,47.8886861963693,51.4940229518107,49.471172398232,50.9117510824106,51.1138447701552
49.2684481052364,50.0377635211091,49.2399596176356,50.4136822444703,48.348108773159,49.7509719610333
50.5927966170216,48.9918162868812,49.1067728603358,51.4369682426843,47.5731923584017,49.6486182145143
49.3837877605827,49.3675172090793,51.1185562366107,49.4627469845671,48.7741192982016,50.8330848663145
49.7675891631259,48.7795357340578,49.8175811538106,50.8005908165307,51.7816705170581,49.9303781398241
50.2810605192358,50.9816054161633,50.5870531208541,50.9906565741012,50.7267816229567,49.2820236529252
50.0614462005449,49.3252169123095,51.7584728580848,50.2718122968412,49.3138564172741,NA
49.1700206717642,50.0232689891664,50.3865643183748,48.9921703244206,50.9271533920847,49.4267735168091
50.8099641248171,49.5549952661839,49.0049806416344,48.3091117417414,50.2384199613741,49.7301007566536
51.0481255021269,50.9209502585798,51.1751224911921,49.038441799434,49.7494687317919,49.6925787737382
49.7279512833056,51.0678606843813,50.8376664277391,51.7365298304137,50.6563977275676,49.0740271996438
48.5449119322487,49.2148768509731,51.269360496028,50.5516524026122,49.5301469758805,46.9778311544255
52.7507491780524,49.305536926328,51.5748302784508,48.8306982724259,50.841210009763,52.1398947633665
49.2356477954355,50.2279981757481,51.563494629076,48.4743110336369,49.7546223838151,49.1398526226445
49.1539462396488,47.9542853874365,52.1752614770395,50.447785714378,50.028796142263,50.4952606192981
51.2862254745618,51.3050452842288,50.5153390679557,50.7459706524488,48.9248149543017,NA
51.5920943373823,50.3111399553364,49.2450713521081,49.0788080241034,49.7711208318769,50.8748488880748
49.2790474153636,47.7854517376411,48.5588532903735,50.3177136237803,49.8947937538838,51.7954259692218
50.1136555256396,49.1382974097753,51.2268778316895,49.2746973275679,50.8595760155187,48.9315581789473
51.1337642635365,50.7281840466878,51.0288699571991,49.4576190706771,49.5828872034642,51.9237241294779
48.3838289328532,49.4217238750749,50.5966323997854,NA,48.8738600431168,49.6100487360108
49.4823840015972,50.6425718317258,51.1506050382834,49.1949668082639,49.4190787806484,50.591157211557
49.3367690890278,48.1284609927172,48.6279006804398,49.9003936477233,50.776795926429,50.7319120910861
49.2633677531335,49.5139610224407,50.057049262262,48.5136694682169,49.6672029212085,49.4791853645912
50.043239258841,47.8405770597256,49.9660747004785,50.1185811513613,49.6677624953715,48.5672159374183
49.2374422747115,50.4134038881369,51.2166015916459,49.2067647738124,50.0538015405463,50.8592415614
51.1112094666766,51.7983819733715,51.8287408338741,51.8511144764739,50.7719707722283,47.7751510646841
51.2731879078582,48.5105449140017,50.6837857616548,51.0212242520979,50.1331510133944,48.6462312138137
49.7328050332205,51.9088814592243,49.4286244655611,50.1354357913642,51.4702145547732,48.7933125632712
48.7288244293341,50.5137385404063,NA,50.0795389839724,48.793742009464,48.900177252447
48.7089011342289,49.6395273212683,51.6195420478972,50.3637760797072,51.2943696837647,50.0252978751331
50.4293573760766,50.770578626268,48.7391996281754,50.3564282573247,48.9299580013703,50.7662434200679
51.1507548130298,50.6947033810942,49.9767008540553,49.8054379144348,50.9419147147661,50.0519122908788
50.2560693549414,49.6911108784028,48.992835511397,51.7774165124291,50.905776750069,52.4256928444997
50.2490696054545,50.4643369416724,50.7412863535816,51.3351810961731,51.8247823280444,49.5868926311147
48.3203990746285,49.1620557028818,51.1652816093191,49.6468128048271,50.1337152197677,52.4238363521414
51.1894170828884,48.6490427631467,50.3045986415807,47.9698598186344,50.7953506918447,50.0967317927631
NA,50.4948529894975,50.2743761839421,48.9079010678527,50.5114710698628,49.2701342740518
49.2007064855482,50.5988858877248,50.0194428321866,47.4218626324238,49.5079261043028,48.8790427564642
49.3055225852294,50.7823720039271,50.9247166170917,49.4360756016754,48.2492081713526,49.8114956052934
50.1843047224638,51.3745854711269,50.2699737274564,51.4076106083222,50.6016734309137,50.3739576900957
52.2231970973429,48.9317001771676,51.4716859434024,49.150198740309,49.6658142839759,49.5430021906337
49.1097936087127,48.5302247189493,50.8471885308563,48.0811108283517,49.2029811136216,49.6201055427535
50.6701420923904,49.9165830529476,50.7824759627814,49.7397266830271,50.3977524039981,50.3279720954167
50.2144663017245,50.4857972691826,49.8567303804923,51.4141277428661,49.5718186557118,49.7438540138922
49.5919107423836,51.2183975355035,NA,48.2449469405899,50.7723056390104,50.7204053260326
48.3483680257883,51.0397335493158,49.8458499886301,49.7300769606745,50.5665476690189,48.4791664466148
50.619869877636,50.5009640917719,50.080640885783,50.7375343690988,49.7950026548382,50.012066245497
50.2365564883002,48.8716081152969,50.2332610055168,48.8590228025197,50.343715662368,49.9956475767814
50.1669163381883,49.7195925559782,50.9536228447719,50.0973698313986,48.9875874311912,49.8663878309707
51.5855709694251,50.0463598147072,NA,48.0781750339782,50.0139672418721,49.6160790756601
50.3983854986329,49.3320130164907,49.0512931792982,51.0519228602235,51.1257040314338,49.3449999360225
50.4627302021227,51.8066016019513,50.8049174443208,51.6448286147999,50.3401664505989,50.7478473870918
49.9563497702528,49.3519232561225,50.7682889641908,48.0764039106221,49.6845643058531,51.2239316255435
50.4233743178607,48.9891596117851,51.9022359921874,51.2068580555473,50.5592640066509,50.1124416088175
51.0002362805295,48.5237405313189,48.7391807600954,51.0325094751669,49.059795562953,49.4761630181484
49.3787016144539,49.8842814972021,49.3855570638605,50.2920705455578,50.4257828245689,48.1251005658339
48.3026663617919,49.3858100780188,50.6536384580256,50.8466875026065,49.7457396485696,49.9684681808964
50.4683847129824,52.3045302395304,49.8363347948559,48.6143746748095,50.7415459682166,51.9503998191945
49.2399559066286,47.9089881924092,48.5135139432774,48.2226828333533,50.5447364036506,48.9721529082661
49.5272807270838,50.2487885650602,48.5930220169561,48.6846904899624,48.9790565289338,49.5161366407334
50.0335915801884,50.3971478853758,50.138400294731,50.006302979029,49.4693142743611,51.7518672611917
49.6208558041322,49.5387269564103,50.0517218563673,49.9802466541813,48.4127391818319,50.7046412556229
49.6203348855827,50.6080937471316,50.966044126603,50.7850840776016,48.6325837216646,49.678300524419
49.5145639706466,51.9079539882609,48.9059823458247,50.1854415497734,49.4568805651905,48.1652357548903
49.8077865007262,52.33584391703,50.1940235583609,48.9409047874975,50.0884285514116,50.4340129329678
50.8298702864624,49.5469800174189,51.3222138543291,49.7749596750229,49.5162673307831,48.7391845257349
50.1312286748616,51.184669629465,50.5710220923821,50.8771502063265,51.2078712127634,48.8530364630247
50.4907250450821,49.1602756180669,49.402864938894,51.064623452575,47.4218966646396,51.294405353729
49.1916962177107,50.0688126695606,50.9786666540051,48.7237195965189,50.0271978838254,49.786502870157
49.19141107466,49.8247343972426,50.4623419450138,51.0339096911333,50.0275335233888,49.9933479975
50.5945881914468,48.3521614448389,51.5982836659731,48.2836976460065,48.7847597381068,49.1402267702577
51.0748182204565,49.2503836309693,49.6620189539928,49.3160313375692,49.0511053178102,49.0085798087311
52.4339391611852,48.8272023891006,49.9131714781955,48.5656098797822,49.5472278558791,47.9622344296548
48.9561118378503,49.8358123427174,49.9267603664766,49.5152581436459,48.6635746773014,49.2430179455046
NA,49.4567015490247,49.2030710827693,49.6025246774164,49.7040717573595,50.5917082337786
50.5156155184481,51.1501674103035,48.8979445165576,50.1662767704267,50.2488781847443,51.0750253585708
48.8254624791399,50.363901079339,50.3206302470055,49.5486883696648,50.9086719355401,47.7991179837285
49.442849719777,50.3367802051518,48.757526549282,51.4096861732713,49.4804960970121,50.2683399053335
52.2855211293159,49.2589687099809,49.7924165013915,51.6336559310075,49.3315806455451,49.870102584655
52.0505068006671,50.5153590430227,50.436651992442,49.298576284232,50.5610992180058,50.0130953634826
47.4405090691514,52.0743056549745,49.3012126526923,51.7694196645669,50.5000392671927,51.1655356865402
50.964809884501,50.1397851092036,50.3215781915919,49.7671634742944,48.7489174807773,51.2807605048305
51.3914952194733,NA,51.6759941301118,48.209031490391,49.3034302770036,50.7076536192166
51.1592618581536,50.5184413107586,51.6000838740228,50.756162298332,51.1901574725962,48.6937295000505
51.3934381142868,48.0776902223367,48.5225883429937,48.499768177705,51.4226019271429,48.800396991225
48.2138640573338,49.4669584667863,49.5666991217483,50.2059361794986,50.3473311772099,NA
49.666333315087,49.0002150998531,51.6032057748519,50.2731606257962,50.5623881080738,49.3244917732242
51.2404575006371,50.5007968737698,49.3493221016597,50.4996015383835,51.1480687120487,50.9528096196731
50.6632542513954,50.3629834728309,50.8055544093017,48.5030084373377,50.1107228158876,50.7494097233338
50.9937826153555,NA,49.2416008665533,49.9347127866841,50.3991833110265,51.8256080141234
50.6516794635056,48.9779700635778,48.9618212615425,48.8801935888587,50.7749035569591,50.9463973633469
50.1070419491435,48.4400332791068,48.553360078909,49.2929401933818,50.3762356160572,49.1658921112425
49.1152502859387,49.6781762246678,51.4742721727997,51.7016801689538,49.8891958187212,49.3915580179622
49.245916988295,49.5749584571545,50.7075959532117,50.9151879248894,51.6370210056761,48.8943338103255
50.8843384001417,49.4849711714351,NA,49.950907592032,51.473914076191,50.8730600239124
49.1665018349565,49.6707005095957,50.6706069066837,51.1721537591408,48.9120596003397,48.9293313340831
51.314860789567,47.9801814175113,49.4770927849758,51.1557623262369,48.7444081754015,50.8792217338113
49.7448589090948,48.8150953321544,49.7812557036447,51.1046554337048,49.4487220694526,49.4146476193934
49.2240348214142,49.9686353056768,50.2913875811516,50.0268222399052,51.1445770691142,49.5808625327954
52.2363711674914,49.2958867252732,50.644361748395,50.5309486398214,49.2689728308655,51.37451498741
51.2916081921217,50.2005822294002,50.0049395296635,51.1259191922765,49.6084639253869,47.5144945160586
49.4180148005403,50.0405194219985,49.317867008026,50.1378862219059,49.8255083656485,49.2761213752299
48.7877827943598,49.9083127264044,49.9427671496962,50.1034990014473,50.6701757162594,50.2810863436771
50.0067741768799,50.8400728950276,51.7051578096904,49.0138807405658,49.088186986509,49.9147478656673
50.3054347859992,50.0372982367691,48.9737717908251,50.2772201285729,51.1034400225009,49.0914023892514
50.9709108465066,48.5652763523591,51.5220253653888,51.319258263628,52.6161554836397,50.1724669602838
NA,49.6012581287444,47.1786587150789,51.0336416570679,49.5550707652994,49.2873254642794
51.6834314932863,50.2311965378911,51.7000665032802,48.9608163538514,49.8007928853731,48.562746290699
48.5352955351977,48.6087983146771,48.5818869184302,49.8922873000807,50.7196505858628,48.7778340661119
52.446397036027,50.4429406624264,48.535911227852,48.1060117000292,49.2742098955119,49.3025944945045
51.1751347102176,49.2147721196619,50.9691678470436,50.6301797277652,50.4385430098025,51.4053388839148
50.203428416101,51.2105308472326,50.297200026318,51.2784619651778,52.3502566728913,50.1130903394106
48.2251910415462,51.4351186810469,50.1195580518483,51.5610759270417,48.506991100185,50.8844715962177
49.3515475286907,51.3130640523623,49.1605936044793,NA,52.2010170971188,51.5268667396452
50.3001936714878,50.5110702526459,49.4148531047576,48.2377931906358,49.4668207041826,NA
49.1776545763767,50.5438197858907,50.2191235427998,NA,48.8094030783651,49.7874158701997
48.9916693151573,50.9528046203897,50.5900920168112,50.6313027257142,50.4361298473738,50.5860834280742
48.7887018573394,47.7470842673411,50.2758228121183,49.8087112825076,49.3348784989709,50.7812182258209
50.3441632754467,49.7398427866593,50.1346684485121,49.0415454159471,49.8860332144456,50.5095213869923
49.7749260306062,49.5153700367539,49.7043259566575,50.4931526231194,49.6265834586776,49.3019264533261
50.9276249331259,50.2742033121698,48.4805930188027,49.2783369457155,49.5544810202585,51.9131084532628
50.0348106979162,50.0647486284483,51.1905753031889,50.2278110583549,49.7125878154761,50.9984259658602
48.6774408654344,49.3404676033857,52.3419077465954,NA,50.4311470692789,49.0689733867652
48.7226629797314,48.9522031245375,49.9896437065763,50.8341071137278,49.1465524538644,50.9871329011864
NA,50.3219296395602,48.5866670488311,51.3211269655486,49.4718578729147,51.5598153603626
49.543073705984,50.3598678218423,49.9322996252953,48.7179347379408,49.5177744071656,50.0540078943583
50.8145447558192,50.4597668366318,50.0613559428417,49.1325574000045,51.3349398173846,50.0801054516071
50.5341685984106,48.8883484607153,50.0406208791989,51.3011394916325,51.1347513505273,50.4513671905143
50.4162936060163,49.9998726100886,48.8946724432426,50.9340263164628,49.0397300798783,50.4656695141958
50.600819009462,49.7919203003197,50.6068803592952,47.5015672861815,49.4412312581939,49.1979398919943
49.1811126869398,48.588173971229,49.5080536779057,49.5528337341345,49.0597218962421,48.4458224049848
49.1203944947767,48.4968960857651,NA,50.5034394843864,50.3543761078895,50.8486662397562
50.1388209502225,48.7622123233244,52.0266780137943,50.1193506116465,50.4185463282315,49.0722026724207
51.5709723739965,48.2827815103618,50.3546465934673,49.5590884302371,NA,NA
51.0961782913305,50.2505435028257,50.5076822120635,50.4785043063206,49.5971597814695,50.2806969824909
49.95842249344,50.1469256615745,50.2436760129155,48.1251753063935,50.0329515050497,50.0594258000059
49.7866414270484,49.7759761085332,49.4070847458109,47.747912623074,49.482573338425,49.0097199546758
49.1502782901637,50.5275509823537,49.7735263160059,47.5887285793172,50.3618235357956,50.6081741020684
51.0148395286823,47.9542698938957,49.0403428889068,50.6695814530461,51.1152361594813,49.6705198984996
49.7336328429909,49.6556854682102,50.6563850613439,50.519332089395,48.4224451899231,50.4244814341255
50.3240389086845,49.6498797363587,50.7353857142204,49.1279227015105,50.26057563124,51.669762727882
50.4804574998329,49.4322612117185,48.7033644060613,50.1537087147672,50.1403965287101,48.4340146220244
50.2357556541825,50.2392197879213,50.7271579700543,49.8043681778074,49.078575019516,49.7066374414759
51.4328267783904,49.6470992523248,50.5545787861765,50.0784362669291,50.9557786430969,50.4500948558279
50.1577351920562,49.0142475410649,48.7045957600013,50.2010715943825,50.0931787739013,49.2345097168055
49.7244000327231,50.5613454074769,48.2996570630385,49.5096786228141,51.9462481571528,50.5075199533288
51.4371233972996,49.8905926420606,50.6303677661795,50.6185204344883,48.9434912429659,47.4679529219931
48.9198813604413,51.0072579371406,49.7710877396144,50.5258169712799,50.322167960041,51.694221588212
52.2929415540327,49.1468423114244,50.5351691885648,49.841190244589,51.422923043045,51.8505787684403
49.4949840691882,47.6270278261078,50.6614002763241,49.0266406928733,50.1605823099579,50.0713202273002
49.5588421411891,50.2293094277121,49.9855566616068,50.85538569603,48.4937723345543,50.2534000399612
51.4094300244667,50.0951273263225,49.2713428318211,50.4909252918639,49.0162951068502,49.5998465224078
49.2404111709852,48.9237792040064,50.8242751258031,50.3309705952177,48.5940915100999,49.7483223072736
50.466963790166,NA,49.5034813005878,49.126153029295,48.9242963011112,50.5493566771695
48.9061381567828,48.03601050077,48.9688999463914,50.366590881754,50.8766039066019,50.3926574669683
49.8034289903132,48.6707965208188,51.2172039812732,50.1307238862057,49.6024433635258,48.7436659359304
49.733022093333,48.8399478750696,47.9449084363205,49.3706140077184,49.2783368672808,50.0077255191524
51.2203320534868,49.4058101823387,50.181450913024,50.6489589988367,50.8858353599459,49.8285813477394
49.6501699519723,49.6245947316835,50.155634470284,50.859013213093,49.4800957982609,49.2751843676316
NA,48.7744959473811,50.2928839005092,49.3641483339481,50.0291846853931,47.3983173014768
50.7133797814812,49.6023840191326,49.6875424280402,49.8074179523901,49.3132408177873,52.083560114123
48.7775015267428,50.140075310641,49.2934902609709,49.1325681875184,51.1811552172551,49.114050837391
51.5551687366891,49.8755957510772,49.7083827876771,51.1946764106445,48.4248781576902,52.1621425663498
48.5204731283247,50.0896191132932,50.4786649124657,52.2123923615139,50.3101503114084,50.4728272667343
51.7497505432749,47.3052482890713,50.4527126315974,51.7472448086768,50.2124142565065,49.9422115686875
48.6014293750112,49.6879710434705,50.9768713611639,49.9266194070365,50.2725167116776,48.4532474409381
49.6324987435275,49.7676609154132,50.6449661579805,49.3655574727597,49.5095809857087,49.7370561016239
50.9002530684796,49.7312411068629,48.897988414975,50.3405202745996,49.7607575104114,50.1869447989416
49.2053777835609,49.7705607844954,50.9072060675764,49.8427570928632,47.8773177216072,51.0067284517912
49.3359807167947,52.8627332120314,48.5368535496953,49.9858759950991,50.6722077678283,50.3084615481845
49.1750286175048,50.4848044342643,49.9935191020707,50.9882893003623,49.6656092352968,51.2759771184246
49.1895850496211,49.7147421277123,49.5989013843601,50.4682476834486,49.205554797821,50.720630117663
50.6440682962783,51.0303732324298,50.9530195040685,48.5641077603124,49.6601453538826,49.3818369470946
48.0300400949973,49.6995533374229,50.3832379404689,48.7372073587951,48.6463922209403,51.2133112670037
51.3592691752568,48.539645638355,49.2738013784164,50.3562206808,51.3064780941045,49.7873918710968
49.3072701142688,49.9469270856053,50.571409995042,50.7434566859788,49.2963287494776,48.8186317271993
49.5640142358853,51.0136070148786,48.7381923228419,50.9950467760569,50.2181033589785,48.9037061891401
49.0512340226634,48.3247539926769,49.4542548359672,48.824767640208,49.2113916733206,50.6963425843693
49.6391006032051,48.786749917723,50.3750777887272,49.8122707072309,50.5971381639931,48.9976817643122
48.9594792643878,51.9412098475583,50.7342459151937,49.1817571637019,49.5588937657136,51.1793383425437
51.1041394828197,49.7047240017081,48.8699981810644,50.8377779839537,49.9699485377132,50.6261825758288
49.0324950776742,51.1881057876639,50.2621733249625,51.6935350696264,49.3538495805362,50.1031052599429
48.7013400703824,49.9764601526043,51.1656061314429,49.6301020330287,50.7487173916295,48.9096416779851
50.4696931819551,48.3740959191209,49.8974850094477,49.4270455897031,47.8880789563394,50.8374789726889
52.0489144956779,49.8996131614095,49.4953562917139,49.9144919128799,50.1827974609959,50.25380915397
50.791313379667,48.6137472531865,51.0843115664578,49.6001207164207,51.2120624663187,50.9035023749778
51.0111471105113,50.3231289441456,51.4002447849468,49.7048714588433,50.6138874820039,49.4153739837959
48.9552289150446,49.3108214396599,50.5890702309693,51.7019853690035,48.9966675369792,51.1563425422977
51.4398667532255,51.9758724394103,49.282876096934,49.1837530185932,50.2699543034011,51.0645290883891
51.2940499807192,49.9930488768107,49.46210795217,49.2637448024746,NA,50.1144565204147
51.2074718845036,51.5636677653687,49.1008148724989,49.9802527267949,48.4774522806255,49.1980548877607
48.1855443802166,49.5042491606407,49.4147138223655,51.9016203234213,48.7317136840705,50.2194566581721
48.6953072748874,50.3609230561145,49.3234236813186,49.840039008754,50.0252456490711,49.7853295022112
49.1623823233834,48.8934449802263,50.2718815778879,49.6979427950051,49.740870729741,50.4870111619913
49.6062031838393,50.0401380830038,49.3857637460478,50.3626468900421,50.1641707863146,51.1063554363097
52.2308852132256,48.8200441589143,50.4658862700893,51.0240411907168,49.3853897067706,50.6653549147626
49.9043707685693,50.7555279957638,48.5023169907694,50.3267763370302,50.2192237992187,49.7226086440398
49.3684032426807,NA,48.4932803999675,50.8243081305449,50.3863744957834,50.4159030853802
50.4386936574918,51.9720402265036,50.6418310467672,50.2122365849773,49.6430664144638,50.5719611526008
50.4035212450829,49.9239133283507,50.3675039738737,49.4639847036248,48.8918956981595,49.6419576858751
